p_transf,pathway,share
0.0,K03Z,0.001
0.0,T62A|B,0.001
0.0,K62A|B|C,0.0
0.0,B67A|B|C,0.003
0.0,B82A|B|C,0.002
0.0,J07A|B,0.004
0.0,H07A|B,0.0
0.0,B06A|B|C,0.001
0.0,B63Z,0.002
0.0,I66A|B,0.0
0.0,E69A|B,0.003
0.0,E40A|B,0.002
0.0,T40Z,0.002
0.0,E71A|B|C,0.004
0.0,C03Z,0.004
0.0,J69A|B|C,0.0
0.0,C14Z,0.004
0.0,U61A|B,0.005
0.0,K05A|B,0.001
0.0,D100Z,0.006
0.0,L61Z,0.025
0.0,B42A|B,0.002
0.0,K02A|B,0.001
0.0,D05Z,0.005
0.0,B02A|B|C,0.002
0.0,D64Z,0.0
0.0,K06A|B,0.0
0.0,C04Z,0.003
0.0,J13A|B,0.004
0.0,G11Z,0.003
0.0,D60A|B|C,0.0
0.0,I16Z,0.003
0.0,L02A|B,0.003
0.0,I10A|B,0.0
0.0,B07A|B,0.0
0.0,T63A|B,0.001
0.0,L05A|B,0.002
0.0,I13A|B|C,0.004
0.0,B69A|B,0.003
0.0,I73A|B,0.0
0.0,G70A|B|C,0.026
0.0,L04A|B|C,0.0
0.0,C13Z,0.004
0.0,E76A|B,0.003
0.0,I08A|B,0.002
0.0,I23Z,0.004
0.0,J08A|B|C,0.004
0.0,J60A|B|C,0.0
0.0,U68Z,0.006
0.0,F12A|B,0.0
0.0,T64A|B|C,0.002
0.0,H08A|B,0.0
0.0,D06Z,0.001
0.0,I72A|B,0.0
0.0,B64A|B,0.001
0.0,N62Z,0.014
0.0,G65A|B,0.02
0.0,N06Z,0.0
0.0,F43Z,0.0
0.0,R01A|B,0.001
0.0,X00X|B,0.041
0.0,F76A|B|C,0.002
0.0,I69A|B,0.0
0.0,D13Z,0.002
0.0,U66Z,0.0
0.0,U40Z,0.002
0.0,K01A|B,0.001
0.0,M61A|B,0.001
0.0,I32A|B,0.004
0.0,J68A|B|C,0.0
0.0,L65A|B,0.004
0.0,I75A|B,0.0
0.0,F11A|B,0.002
0.0,L64A|B|C,0.007
0.0,J10Z,0.003
0.0,M04Z,0.003
0.0,R62A|B,0.019
0.0,I76A|B,0.0
0.0,C62A|B,0.0
0.0,I63A|B,0.0
0.0,C10Z,0.001
0.0,U63A|B,0.008
0.0,F62A|B|C,0.01
0.0,F13A|B,0.001
0.0,I81Z,0.0
0.0,F21A|B,0.003
0.0,F05A|B,0.001
0.0,I24Z,0.004
0.0,U65Z,0.003
0.0,F66A|B,0.004
0.0,D12A|B,0.004
0.0,I79A|B,0.0
0.0,T01A|B|C,0.0
0.0,N11Z,0.001
0.0,L41Z,0.02
0.0,H64A|B|C,0.0
0.0,I30Z,0.003
0.0,F08A|B,0.003
0.0,B78A|B|C,0.001
0.0,R03A|B|C,0.001
0.0,I64A|B,0.0
0.0,N04A|B,0.0
0.0,F41A|B,0.0
0.0,B03A|B,0.003
0.0,B68A|B,0.002
0.0,F68Z,0.011
0.0,H63A|B|C,0.0
0.0,I20Z,0.003
0.0,M62A_B,0.0
0.0,F64A|B,0.0
0.0,R60A|B|C,0.003
0.0,H05A|B,0.0
0.0,H62A|B,0.0
0.0,B71A|B|C,0.003
0.0,E41a|B,0.004
0.0,I31A|B,0.004
0.0,L40Z,0.022
0.0,X00X|A,0.01
0.0,K64A|B|C,0.0
0.0,F67A|B,0.0
0.0,D62A|B,0.0
0.0,G03A|B|C,0.001
0.0,B04A|B,0.002
0.0,J11Z,0.004
0.0,J14Z,0.001
0.0,K13Z,0.001
0.0,F60A|B,0.0
0.0,G07A|B,0.003
0.0,B76A|B|C,0.003
0.0,C16Z,0.003
0.0,E63Z,0.001
0.0,M40Z,0.001
0.0,E64A|B,0.002
0.0,G04A|B|C,0.003
0.0,B70A|B|C|D,0.002
0.0,J63A|B,0.0
0.0,F01A|B,0.0
0.0,N08Z,0.0
0.0,L60A|B|C,0.001
0.0,R04A|B,0.0
0.0,I27A|B|C,0.003
0.0,D15Z,0.003
0.0,F09A|B|C,0.0
0.0,I17A|B,0.004
0.0,F07A|B,0.0
0.0,F65A|B,0.0
0.0,K11A|B,0.001
0.0,R63Z,0.005
0.0,G05A|B|C,0.002
0.0,L63A|B,0.011
0.0,R61A|B|C,0.033
0.0,I80Z,0.0
0.0,I01A|B,0.004
0.0,D66A|B|C,0.0
0.0,L66Z,0.022
0.0,H61A|B|C,0.0
0.0,G47A|B|C,0.003
0.0,H06A|B,0.0
0.0,B79A|B,0.0
0.0,I05A|B,0.002
0.0,I67A|B,0.0
0.0,I74A|B,0.0
0.0,I19A|B,0.004
0.0,G60A|B,0.023
0.0,I11Z,0.001
0.0,D02A|B|C,0.0
0.0,U60Z,0.002
0.0,G67A|B,0.009
0.0,A40A|B,0.0
0.0,F42A|B|C,0.0
0.0,H02A|B,0.0
0.0,K09A|B,0.0
0.0,J65A|B|C,0.0
0.0,M05Z,0.002
0.0,G61A|B,0.024
0.0,F40A|B,0.0
0.0,E67A|B,0.004
0.0,D04Z,0.0
0.0,C05Z,0.006
0.0,K60A|B|C,0.001
0.0,F04A|B,0.0
0.0,I12A|B|C,0.004
0.0,I15Z,0.002
0.0,J67A|B,0.0
0.0,F63A|B,0.0
0.0,I07Z,0.004
0.0,I28A|B,0.002
0.0,I60Z,0.0
0.0,J64A|B,0.0
0.0,I18Z,0.002
0.0,M01A|B,0.005
0.0,B73Z,0.003
0.0,G48A|B|C,0.011
0.0,F18A|B,0.0
0.0,F75A|B|C,0.0
0.0,D11Z,0.003
0.0,E42A|B|C,0.004
0.0,M60A|B,0.0
0.0,L07A|B,0.0
0.0,R02A|B|C,0.001
0.0,L68Z,0.006
0.0,F10A|B,0.0
0.0,K61Z,0.001
0.0,C15Z,0.004
0.0,I68A|B,0.0
0.0,D63A|B|C,0.0
0.0,I03A|B,0.001
0.0,M64Z,0.0
0.0,I78A|B,0.0
0.0,E01A|B,0.002
0.0,B41Z,0.002
0.0,L62A|B,0.004
0.0,L42Z,0.02
0.0,E66A|B|C,0.002
0.0,F73A|B|C,0.0
0.0,G46A|B|C,0.006
0.0,M06A|B,0.014
0.0,D61A|B|C,0.0
0.0,E74A|B|C,0.002
0.0,K12Z,0.001
0.0,F03A|B,0.0
0.0,G02A|B,0.003
0.0,L08A|B,0.001
0.0,N60A|B,0.022
0.0,B05Z,0.003
0.0,B81A|B,0.001
0.0,F19A|B,0.0
0.0,E61A|B,0.0
0.0,L09A|B|C,0.0
0.0,I29Z,0.004
0.0,I21Z,0.003
0.0,J01A|B,0.002
0.0,E65A|B,0.004
0.0,D65Z,0.0
0.0,U64Z,0.008
0.0,N61Z,0.004
0.0,F02Z,0.0
0.0,E73A|B|C,0.003
0.0,K63A|B,0.0
0.0,F61A|B,0.003
0.0,L06A|B,0.0
0.0,E70A|B,0.003
0.0,L03A|B|C,0.002
0.0,N09Z,0.0
0.0,N10Z,0.0
0.0,F17Z,0.0
0.0,G10A|B,0.003
0.0,L67A|B|C,0.028
0.0,B77Z,0.002
0.0,B80A|B,0.003
0.0,I02A|B,0.0
0.0,J09Z,0.001
0.0,D14A|B,0.001
0.0,I71A|B,0.0
0.0,E62A|B|C,0.004
0.0,E68A|B,0.001
0.0,I61A|B,0.0
0.0,G64A|B,0.006
0.0,B72A|B,0.0
0.0,E75A|B,0.003
0.0,C11Z,0.003
0.0,I77A|B,0.0
0.0,U67Z,0.011
0.0,C60A|B,0.001
0.0,K08Z,0.0
0.0,H60A|B|C,0.0
0.0,E02A|B|C,0.0
0.0,G12A|B|C,0.004
0.0,F20Z,0.001
0.0,G66A|B,0.014
0.0,B66A|B|C,0.002
0.0,J12A|B|C,0.004
0.0,C63A|B,0.001
0.0,F72A|B,0.016
0.0,K40A|B|C,0.001
0.0,I09A|B,0.004
0.0,I65A|B,0.0
0.0,F14A|B|C,0.001
0.0,F69A|B,0.006
0.0,N07A|B,0.0
0.0,C01Z,0.005
0.0,C02Z,0.006
0.0,C61A|B,0.001
0.0,C12Z,0.005
0.0,I04A|B,0.001
0.0,F74A|B,0.013
0.0,I06Z,0.003
0.0,I25A|B,0.003
0.0,J06A|B,0.001
0.0,G01A|B,0.004
0.0,M02A|B,0.015
0.0,U62A|B,0.008
0.0,F06A|B,0.001
0.0,M03Z,0.009
0.0,J62A|B,0.0
0.0,T60A|B,0.0
0.0,B01A|B,0.003
0.0,T61A|B,0.001
0.0,H01A|B,0.0
0.1,K03Z,0.001
0.1,T62A|B,0.001
0.1,K62A|B|C,0.0
0.1,B67A|B|C,0.003
0.1,B82A|B|C,0.002
0.1,J07A|B,0.004
0.1,H07A|B,0.0
0.1,B06A|B|C,0.001
0.1,B63Z,0.002
0.1,I66A|B,0.0
0.1,E69A|B,0.003
0.1,E40A|B,0.002
0.1,T40Z,0.002
0.1,E71A|B|C,0.004
0.1,C03Z,0.004
0.1,J69A|B|C,0.0
0.1,C14Z,0.004
0.1,U61A|B,0.005
0.1,K05A|B,0.001
0.1,D100Z,0.006
0.1,L61Z,0.025
0.1,B42A|B,0.002
0.1,K02A|B,0.001
0.1,D05Z,0.005
0.1,B02A|B|C,0.002
0.1,D64Z,0.0
0.1,K06A|B,0.0
0.1,C04Z,0.003
0.1,J13A|B,0.004
0.1,G11Z,0.003
0.1,D60A|B|C,0.0
0.1,I16Z,0.003
0.1,L02A|B,0.003
0.1,I10A|B,0.0
0.1,B07A|B,0.0
0.1,T63A|B,0.001
0.1,L05A|B,0.002
0.1,I13A|B|C,0.004
0.1,B69A|B,0.003
0.1,I73A|B,0.0
0.1,G70A|B|C,0.026
0.1,L04A|B|C,0.0
0.1,C13Z,0.004
0.1,E76A|B,0.003
0.1,I08A|B,0.002
0.1,I23Z,0.004
0.1,J08A|B|C,0.004
0.1,J60A|B|C,0.0
0.1,U68Z,0.006
0.1,F12A|B,0.0
0.1,T64A|B|C,0.002
0.1,H08A|B,0.0
0.1,D06Z,0.001
0.1,I72A|B,0.0
0.1,B64A|B,0.001
0.1,N62Z,0.014
0.1,G65A|B,0.02
0.1,N06Z,0.0
0.1,F43Z,0.0
0.1,R01A|B,0.001
0.1,X00X|B,0.041
0.1,F76A|B|C,0.002
0.1,I69A|B,0.0
0.1,D13Z,0.002
0.1,U66Z,0.0
0.1,U40Z,0.002
0.1,K01A|B,0.001
0.1,M61A|B,0.001
0.1,I32A|B,0.004
0.1,J68A|B|C,0.0
0.1,L65A|B,0.004
0.1,I75A|B,0.0
0.1,F11A|B,0.002
0.1,L64A|B|C,0.007
0.1,J10Z,0.003
0.1,M04Z,0.003
0.1,R62A|B,0.019
0.1,I76A|B,0.0
0.1,C62A|B,0.0
0.1,I63A|B,0.0
0.1,C10Z,0.001
0.1,U63A|B,0.008
0.1,F62A|B|C,0.01
0.1,F13A|B,0.001
0.1,I81Z,0.0
0.1,F21A|B,0.003
0.1,F05A|B,0.001
0.1,I24Z,0.004
0.1,U65Z,0.003
0.1,F66A|B,0.004
0.1,D12A|B,0.004
0.1,I79A|B,0.0
0.1,T01A|B|C,0.0
0.1,N11Z,0.001
0.1,L41Z,0.02
0.1,H64A|B|C,0.0
0.1,I30Z,0.003
0.1,F08A|B,0.003
0.1,B78A|B|C,0.001
0.1,R03A|B|C,0.001
0.1,I64A|B,0.0
0.1,N04A|B,0.0
0.1,F41A|B,0.0
0.1,B03A|B,0.003
0.1,B68A|B,0.002
0.1,F68Z,0.011
0.1,H63A|B|C,0.0
0.1,I20Z,0.003
0.1,M62A_B,0.0
0.1,F64A|B,0.0
0.1,R60A|B|C,0.003
0.1,H05A|B,0.0
0.1,H62A|B,0.0
0.1,B71A|B|C,0.003
0.1,E41a|B,0.004
0.1,I31A|B,0.004
0.1,L40Z,0.022
0.1,X00X|A,0.01
0.1,K64A|B|C,0.0
0.1,F67A|B,0.0
0.1,D62A|B,0.0
0.1,G03A|B|C,0.001
0.1,B04A|B,0.002
0.1,J11Z,0.004
0.1,J14Z,0.001
0.1,K13Z,0.001
0.1,F60A|B,0.0
0.1,G07A|B,0.003
0.1,B76A|B|C,0.003
0.1,C16Z,0.003
0.1,E63Z,0.001
0.1,M40Z,0.001
0.1,E64A|B,0.002
0.1,G04A|B|C,0.003
0.1,B70A|B|C|D,0.002
0.1,J63A|B,0.0
0.1,F01A|B,0.0
0.1,N08Z,0.0
0.1,L60A|B|C,0.001
0.1,R04A|B,0.0
0.1,I27A|B|C,0.003
0.1,D15Z,0.003
0.1,F09A|B|C,0.0
0.1,I17A|B,0.004
0.1,F07A|B,0.0
0.1,F65A|B,0.0
0.1,K11A|B,0.001
0.1,R63Z,0.005
0.1,G05A|B|C,0.002
0.1,L63A|B,0.011
0.1,R61A|B|C,0.033
0.1,I80Z,0.0
0.1,I01A|B,0.004
0.1,D66A|B|C,0.0
0.1,L66Z,0.022
0.1,H61A|B|C,0.0
0.1,G47A|B|C,0.003
0.1,H06A|B,0.0
0.1,B79A|B,0.0
0.1,I05A|B,0.002
0.1,I67A|B,0.0
0.1,I74A|B,0.0
0.1,I19A|B,0.004
0.1,G60A|B,0.023
0.1,I11Z,0.001
0.1,D02A|B|C,0.0
0.1,U60Z,0.002
0.1,G67A|B,0.009
0.1,A40A|B,0.0
0.1,F42A|B|C,0.0
0.1,H02A|B,0.0
0.1,K09A|B,0.0
0.1,J65A|B|C,0.0
0.1,M05Z,0.002
0.1,G61A|B,0.024
0.1,F40A|B,0.0
0.1,E67A|B,0.004
0.1,D04Z,0.0
0.1,C05Z,0.006
0.1,K60A|B|C,0.001
0.1,F04A|B,0.0
0.1,I12A|B|C,0.004
0.1,I15Z,0.002
0.1,J67A|B,0.0
0.1,F63A|B,0.0
0.1,I07Z,0.004
0.1,I28A|B,0.002
0.1,I60Z,0.0
0.1,J64A|B,0.0
0.1,I18Z,0.002
0.1,M01A|B,0.005
0.1,B73Z,0.003
0.1,G48A|B|C,0.011
0.1,F18A|B,0.0
0.1,F75A|B|C,0.0
0.1,D11Z,0.003
0.1,E42A|B|C,0.004
0.1,M60A|B,0.0
0.1,L07A|B,0.0
0.1,R02A|B|C,0.001
0.1,L68Z,0.006
0.1,F10A|B,0.0
0.1,K61Z,0.001
0.1,C15Z,0.004
0.1,I68A|B,0.0
0.1,D63A|B|C,0.0
0.1,I03A|B,0.001
0.1,M64Z,0.0
0.1,I78A|B,0.0
0.1,E01A|B,0.002
0.1,B41Z,0.002
0.1,L62A|B,0.004
0.1,L42Z,0.02
0.1,E66A|B|C,0.002
0.1,F73A|B|C,0.0
0.1,G46A|B|C,0.006
0.1,M06A|B,0.014
0.1,D61A|B|C,0.0
0.1,E74A|B|C,0.002
0.1,K12Z,0.001
0.1,F03A|B,0.0
0.1,G02A|B,0.003
0.1,L08A|B,0.001
0.1,N60A|B,0.022
0.1,B05Z,0.003
0.1,B81A|B,0.001
0.1,F19A|B,0.0
0.1,E61A|B,0.0
0.1,L09A|B|C,0.0
0.1,I29Z,0.004
0.1,I21Z,0.003
0.1,J01A|B,0.002
0.1,E65A|B,0.004
0.1,D65Z,0.0
0.1,U64Z,0.008
0.1,N61Z,0.004
0.1,F02Z,0.0
0.1,E73A|B|C,0.003
0.1,K63A|B,0.0
0.1,F61A|B,0.003
0.1,L06A|B,0.0
0.1,E70A|B,0.003
0.1,L03A|B|C,0.002
0.1,N09Z,0.0
0.1,N10Z,0.0
0.1,F17Z,0.0
0.1,G10A|B,0.003
0.1,L67A|B|C,0.028
0.1,B77Z,0.002
0.1,B80A|B,0.003
0.1,I02A|B,0.0
0.1,J09Z,0.001
0.1,D14A|B,0.001
0.1,I71A|B,0.0
0.1,E62A|B|C,0.004
0.1,E68A|B,0.001
0.1,I61A|B,0.0
0.1,G64A|B,0.006
0.1,B72A|B,0.0
0.1,E75A|B,0.003
0.1,C11Z,0.003
0.1,I77A|B,0.0
0.1,U67Z,0.011
0.1,C60A|B,0.001
0.1,K08Z,0.0
0.1,H60A|B|C,0.0
0.1,E02A|B|C,0.0
0.1,G12A|B|C,0.004
0.1,F20Z,0.001
0.1,G66A|B,0.014
0.1,B66A|B|C,0.002
0.1,J12A|B|C,0.004
0.1,C63A|B,0.001
0.1,F72A|B,0.016
0.1,K40A|B|C,0.001
0.1,I09A|B,0.004
0.1,I65A|B,0.0
0.1,F14A|B|C,0.001
0.1,F69A|B,0.006
0.1,N07A|B,0.0
0.1,C01Z,0.005
0.1,C02Z,0.006
0.1,C61A|B,0.001
0.1,C12Z,0.005
0.1,I04A|B,0.001
0.1,F74A|B,0.013
0.1,I06Z,0.003
0.1,I25A|B,0.003
0.1,J06A|B,0.001
0.1,G01A|B,0.004
0.1,M02A|B,0.015
0.1,U62A|B,0.008
0.1,F06A|B,0.001
0.1,M03Z,0.009
0.1,J62A|B,0.0
0.1,T60A|B,0.0
0.1,B01A|B,0.003
0.1,T61A|B,0.001
0.1,H01A|B,0.0
0.2,K03Z,0.001
0.2,T62A|B,0.001
0.2,K62A|B|C,0.0
0.2,B67A|B|C,0.003
0.2,B82A|B|C,0.002
0.2,J07A|B,0.004
0.2,H07A|B,0.0
0.2,B06A|B|C,0.001
0.2,B63Z,0.002
0.2,I66A|B,0.0
0.2,E69A|B,0.003
0.2,E40A|B,0.002
0.2,T40Z,0.002
0.2,E71A|B|C,0.004
0.2,C03Z,0.004
0.2,J69A|B|C,0.0
0.2,C14Z,0.004
0.2,U61A|B,0.005
0.2,K05A|B,0.001
0.2,D100Z,0.006
0.2,L61Z,0.025
0.2,B42A|B,0.002
0.2,K02A|B,0.001
0.2,D05Z,0.005
0.2,B02A|B|C,0.002
0.2,D64Z,0.0
0.2,K06A|B,0.0
0.2,C04Z,0.003
0.2,J13A|B,0.004
0.2,G11Z,0.003
0.2,D60A|B|C,0.0
0.2,I16Z,0.003
0.2,L02A|B,0.003
0.2,I10A|B,0.0
0.2,B07A|B,0.0
0.2,T63A|B,0.001
0.2,L05A|B,0.002
0.2,I13A|B|C,0.004
0.2,B69A|B,0.003
0.2,I73A|B,0.0
0.2,G70A|B|C,0.026
0.2,L04A|B|C,0.0
0.2,C13Z,0.004
0.2,E76A|B,0.003
0.2,I08A|B,0.002
0.2,I23Z,0.004
0.2,J08A|B|C,0.004
0.2,J60A|B|C,0.0
0.2,U68Z,0.006
0.2,F12A|B,0.0
0.2,T64A|B|C,0.002
0.2,H08A|B,0.0
0.2,D06Z,0.001
0.2,I72A|B,0.0
0.2,B64A|B,0.001
0.2,N62Z,0.014
0.2,G65A|B,0.02
0.2,N06Z,0.0
0.2,F43Z,0.0
0.2,R01A|B,0.001
0.2,X00X|B,0.041
0.2,F76A|B|C,0.002
0.2,I69A|B,0.0
0.2,D13Z,0.002
0.2,U66Z,0.0
0.2,U40Z,0.002
0.2,K01A|B,0.001
0.2,M61A|B,0.001
0.2,I32A|B,0.004
0.2,J68A|B|C,0.0
0.2,L65A|B,0.004
0.2,I75A|B,0.0
0.2,F11A|B,0.002
0.2,L64A|B|C,0.007
0.2,J10Z,0.003
0.2,M04Z,0.003
0.2,R62A|B,0.019
0.2,I76A|B,0.0
0.2,C62A|B,0.0
0.2,I63A|B,0.0
0.2,C10Z,0.001
0.2,U63A|B,0.008
0.2,F62A|B|C,0.01
0.2,F13A|B,0.001
0.2,I81Z,0.0
0.2,F21A|B,0.003
0.2,F05A|B,0.001
0.2,I24Z,0.004
0.2,U65Z,0.003
0.2,F66A|B,0.004
0.2,D12A|B,0.004
0.2,I79A|B,0.0
0.2,T01A|B|C,0.0
0.2,N11Z,0.001
0.2,L41Z,0.02
0.2,H64A|B|C,0.0
0.2,I30Z,0.003
0.2,F08A|B,0.003
0.2,B78A|B|C,0.001
0.2,R03A|B|C,0.001
0.2,I64A|B,0.0
0.2,N04A|B,0.0
0.2,F41A|B,0.0
0.2,B03A|B,0.003
0.2,B68A|B,0.002
0.2,F68Z,0.011
0.2,H63A|B|C,0.0
0.2,I20Z,0.003
0.2,M62A_B,0.0
0.2,F64A|B,0.0
0.2,R60A|B|C,0.003
0.2,H05A|B,0.0
0.2,H62A|B,0.0
0.2,B71A|B|C,0.003
0.2,E41a|B,0.004
0.2,I31A|B,0.004
0.2,L40Z,0.022
0.2,X00X|A,0.01
0.2,K64A|B|C,0.0
0.2,F67A|B,0.0
0.2,D62A|B,0.0
0.2,G03A|B|C,0.001
0.2,B04A|B,0.002
0.2,J11Z,0.004
0.2,J14Z,0.001
0.2,K13Z,0.001
0.2,F60A|B,0.0
0.2,G07A|B,0.003
0.2,B76A|B|C,0.003
0.2,C16Z,0.003
0.2,E63Z,0.001
0.2,M40Z,0.001
0.2,E64A|B,0.002
0.2,G04A|B|C,0.003
0.2,B70A|B|C|D,0.002
0.2,J63A|B,0.0
0.2,F01A|B,0.0
0.2,N08Z,0.0
0.2,L60A|B|C,0.001
0.2,R04A|B,0.0
0.2,I27A|B|C,0.003
0.2,D15Z,0.003
0.2,F09A|B|C,0.0
0.2,I17A|B,0.004
0.2,F07A|B,0.0
0.2,F65A|B,0.0
0.2,K11A|B,0.001
0.2,R63Z,0.005
0.2,G05A|B|C,0.002
0.2,L63A|B,0.011
0.2,R61A|B|C,0.033
0.2,I80Z,0.0
0.2,I01A|B,0.004
0.2,D66A|B|C,0.0
0.2,L66Z,0.022
0.2,H61A|B|C,0.0
0.2,G47A|B|C,0.003
0.2,H06A|B,0.0
0.2,B79A|B,0.0
0.2,I05A|B,0.002
0.2,I67A|B,0.0
0.2,I74A|B,0.0
0.2,I19A|B,0.004
0.2,G60A|B,0.023
0.2,I11Z,0.001
0.2,D02A|B|C,0.0
0.2,U60Z,0.002
0.2,G67A|B,0.009
0.2,A40A|B,0.0
0.2,F42A|B|C,0.0
0.2,H02A|B,0.0
0.2,K09A|B,0.0
0.2,J65A|B|C,0.0
0.2,M05Z,0.002
0.2,G61A|B,0.024
0.2,F40A|B,0.0
0.2,E67A|B,0.004
0.2,D04Z,0.0
0.2,C05Z,0.006
0.2,K60A|B|C,0.001
0.2,F04A|B,0.0
0.2,I12A|B|C,0.004
0.2,I15Z,0.002
0.2,J67A|B,0.0
0.2,F63A|B,0.0
0.2,I07Z,0.004
0.2,I28A|B,0.002
0.2,I60Z,0.0
0.2,J64A|B,0.0
0.2,I18Z,0.002
0.2,M01A|B,0.005
0.2,B73Z,0.003
0.2,G48A|B|C,0.011
0.2,F18A|B,0.0
0.2,F75A|B|C,0.0
0.2,D11Z,0.003
0.2,E42A|B|C,0.004
0.2,M60A|B,0.0
0.2,L07A|B,0.0
0.2,R02A|B|C,0.001
0.2,L68Z,0.006
0.2,F10A|B,0.0
0.2,K61Z,0.001
0.2,C15Z,0.004
0.2,I68A|B,0.0
0.2,D63A|B|C,0.0
0.2,I03A|B,0.001
0.2,M64Z,0.0
0.2,I78A|B,0.0
0.2,E01A|B,0.002
0.2,B41Z,0.002
0.2,L62A|B,0.004
0.2,L42Z,0.02
0.2,E66A|B|C,0.002
0.2,F73A|B|C,0.0
0.2,G46A|B|C,0.006
0.2,M06A|B,0.014
0.2,D61A|B|C,0.0
0.2,E74A|B|C,0.002
0.2,K12Z,0.001
0.2,F03A|B,0.0
0.2,G02A|B,0.003
0.2,L08A|B,0.001
0.2,N60A|B,0.022
0.2,B05Z,0.003
0.2,B81A|B,0.001
0.2,F19A|B,0.0
0.2,E61A|B,0.0
0.2,L09A|B|C,0.0
0.2,I29Z,0.004
0.2,I21Z,0.003
0.2,J01A|B,0.002
0.2,E65A|B,0.004
0.2,D65Z,0.0
0.2,U64Z,0.008
0.2,N61Z,0.004
0.2,F02Z,0.0
0.2,E73A|B|C,0.003
0.2,K63A|B,0.0
0.2,F61A|B,0.003
0.2,L06A|B,0.0
0.2,E70A|B,0.003
0.2,L03A|B|C,0.002
0.2,N09Z,0.0
0.2,N10Z,0.0
0.2,F17Z,0.0
0.2,G10A|B,0.003
0.2,L67A|B|C,0.028
0.2,B77Z,0.002
0.2,B80A|B,0.003
0.2,I02A|B,0.0
0.2,J09Z,0.001
0.2,D14A|B,0.001
0.2,I71A|B,0.0
0.2,E62A|B|C,0.004
0.2,E68A|B,0.001
0.2,I61A|B,0.0
0.2,G64A|B,0.006
0.2,B72A|B,0.0
0.2,E75A|B,0.003
0.2,C11Z,0.003
0.2,I77A|B,0.0
0.2,U67Z,0.011
0.2,C60A|B,0.001
0.2,K08Z,0.0
0.2,H60A|B|C,0.0
0.2,E02A|B|C,0.0
0.2,G12A|B|C,0.004
0.2,F20Z,0.001
0.2,G66A|B,0.014
0.2,B66A|B|C,0.002
0.2,J12A|B|C,0.004
0.2,C63A|B,0.001
0.2,F72A|B,0.016
0.2,K40A|B|C,0.001
0.2,I09A|B,0.004
0.2,I65A|B,0.0
0.2,F14A|B|C,0.001
0.2,F69A|B,0.006
0.2,N07A|B,0.0
0.2,C01Z,0.005
0.2,C02Z,0.006
0.2,C61A|B,0.001
0.2,C12Z,0.005
0.2,I04A|B,0.001
0.2,F74A|B,0.013
0.2,I06Z,0.003
0.2,I25A|B,0.003
0.2,J06A|B,0.001
0.2,G01A|B,0.004
0.2,M02A|B,0.015
0.2,U62A|B,0.008
0.2,F06A|B,0.001
0.2,M03Z,0.009
0.2,J62A|B,0.0
0.2,T60A|B,0.0
0.2,B01A|B,0.003
0.2,T61A|B,0.001
0.2,H01A|B,0.0
0.30000000000000004,K03Z,0.001
0.30000000000000004,T62A|B,0.001
0.30000000000000004,K62A|B|C,0.0
0.30000000000000004,B67A|B|C,0.003
0.30000000000000004,B82A|B|C,0.002
0.30000000000000004,J07A|B,0.004
0.30000000000000004,H07A|B,0.0
0.30000000000000004,B06A|B|C,0.001
0.30000000000000004,B63Z,0.002
0.30000000000000004,I66A|B,0.0
0.30000000000000004,E69A|B,0.003
0.30000000000000004,E40A|B,0.002
0.30000000000000004,T40Z,0.002
0.30000000000000004,E71A|B|C,0.004
0.30000000000000004,C03Z,0.004
0.30000000000000004,J69A|B|C,0.0
0.30000000000000004,C14Z,0.004
0.30000000000000004,U61A|B,0.005
0.30000000000000004,K05A|B,0.001
0.30000000000000004,D100Z,0.006
0.30000000000000004,L61Z,0.025
0.30000000000000004,B42A|B,0.002
0.30000000000000004,K02A|B,0.001
0.30000000000000004,D05Z,0.005
0.30000000000000004,B02A|B|C,0.002
0.30000000000000004,D64Z,0.0
0.30000000000000004,K06A|B,0.0
0.30000000000000004,C04Z,0.003
0.30000000000000004,J13A|B,0.004
0.30000000000000004,G11Z,0.003
0.30000000000000004,D60A|B|C,0.0
0.30000000000000004,I16Z,0.003
0.30000000000000004,L02A|B,0.003
0.30000000000000004,I10A|B,0.0
0.30000000000000004,B07A|B,0.0
0.30000000000000004,T63A|B,0.001
0.30000000000000004,L05A|B,0.002
0.30000000000000004,I13A|B|C,0.004
0.30000000000000004,B69A|B,0.003
0.30000000000000004,I73A|B,0.0
0.30000000000000004,G70A|B|C,0.026
0.30000000000000004,L04A|B|C,0.0
0.30000000000000004,C13Z,0.004
0.30000000000000004,E76A|B,0.003
0.30000000000000004,I08A|B,0.002
0.30000000000000004,I23Z,0.004
0.30000000000000004,J08A|B|C,0.004
0.30000000000000004,J60A|B|C,0.0
0.30000000000000004,U68Z,0.006
0.30000000000000004,F12A|B,0.0
0.30000000000000004,T64A|B|C,0.002
0.30000000000000004,H08A|B,0.0
0.30000000000000004,D06Z,0.001
0.30000000000000004,I72A|B,0.0
0.30000000000000004,B64A|B,0.001
0.30000000000000004,N62Z,0.014
0.30000000000000004,G65A|B,0.02
0.30000000000000004,N06Z,0.0
0.30000000000000004,F43Z,0.0
0.30000000000000004,R01A|B,0.001
0.30000000000000004,X00X|B,0.041
0.30000000000000004,F76A|B|C,0.002
0.30000000000000004,I69A|B,0.0
0.30000000000000004,D13Z,0.002
0.30000000000000004,U66Z,0.0
0.30000000000000004,U40Z,0.002
0.30000000000000004,K01A|B,0.001
0.30000000000000004,M61A|B,0.001
0.30000000000000004,I32A|B,0.004
0.30000000000000004,J68A|B|C,0.0
0.30000000000000004,L65A|B,0.004
0.30000000000000004,I75A|B,0.0
0.30000000000000004,F11A|B,0.002
0.30000000000000004,L64A|B|C,0.007
0.30000000000000004,J10Z,0.003
0.30000000000000004,M04Z,0.003
0.30000000000000004,R62A|B,0.019
0.30000000000000004,I76A|B,0.0
0.30000000000000004,C62A|B,0.0
0.30000000000000004,I63A|B,0.0
0.30000000000000004,C10Z,0.001
0.30000000000000004,U63A|B,0.008
0.30000000000000004,F62A|B|C,0.01
0.30000000000000004,F13A|B,0.001
0.30000000000000004,I81Z,0.0
0.30000000000000004,F21A|B,0.003
0.30000000000000004,F05A|B,0.001
0.30000000000000004,I24Z,0.004
0.30000000000000004,U65Z,0.003
0.30000000000000004,F66A|B,0.004
0.30000000000000004,D12A|B,0.004
0.30000000000000004,I79A|B,0.0
0.30000000000000004,T01A|B|C,0.0
0.30000000000000004,N11Z,0.001
0.30000000000000004,L41Z,0.02
0.30000000000000004,H64A|B|C,0.0
0.30000000000000004,I30Z,0.003
0.30000000000000004,F08A|B,0.003
0.30000000000000004,B78A|B|C,0.001
0.30000000000000004,R03A|B|C,0.001
0.30000000000000004,I64A|B,0.0
0.30000000000000004,N04A|B,0.0
0.30000000000000004,F41A|B,0.0
0.30000000000000004,B03A|B,0.003
0.30000000000000004,B68A|B,0.002
0.30000000000000004,F68Z,0.011
0.30000000000000004,H63A|B|C,0.0
0.30000000000000004,I20Z,0.003
0.30000000000000004,M62A_B,0.0
0.30000000000000004,F64A|B,0.0
0.30000000000000004,R60A|B|C,0.003
0.30000000000000004,H05A|B,0.0
0.30000000000000004,H62A|B,0.0
0.30000000000000004,B71A|B|C,0.003
0.30000000000000004,E41a|B,0.004
0.30000000000000004,I31A|B,0.004
0.30000000000000004,L40Z,0.022
0.30000000000000004,X00X|A,0.01
0.30000000000000004,K64A|B|C,0.0
0.30000000000000004,F67A|B,0.0
0.30000000000000004,D62A|B,0.0
0.30000000000000004,G03A|B|C,0.001
0.30000000000000004,B04A|B,0.002
0.30000000000000004,J11Z,0.004
0.30000000000000004,J14Z,0.001
0.30000000000000004,K13Z,0.001
0.30000000000000004,F60A|B,0.0
0.30000000000000004,G07A|B,0.003
0.30000000000000004,B76A|B|C,0.003
0.30000000000000004,C16Z,0.003
0.30000000000000004,E63Z,0.001
0.30000000000000004,M40Z,0.001
0.30000000000000004,E64A|B,0.002
0.30000000000000004,G04A|B|C,0.003
0.30000000000000004,B70A|B|C|D,0.002
0.30000000000000004,J63A|B,0.0
0.30000000000000004,F01A|B,0.0
0.30000000000000004,N08Z,0.0
0.30000000000000004,L60A|B|C,0.001
0.30000000000000004,R04A|B,0.0
0.30000000000000004,I27A|B|C,0.003
0.30000000000000004,D15Z,0.003
0.30000000000000004,F09A|B|C,0.0
0.30000000000000004,I17A|B,0.004
0.30000000000000004,F07A|B,0.0
0.30000000000000004,F65A|B,0.0
0.30000000000000004,K11A|B,0.001
0.30000000000000004,R63Z,0.005
0.30000000000000004,G05A|B|C,0.002
0.30000000000000004,L63A|B,0.011
0.30000000000000004,R61A|B|C,0.033
0.30000000000000004,I80Z,0.0
0.30000000000000004,I01A|B,0.004
0.30000000000000004,D66A|B|C,0.0
0.30000000000000004,L66Z,0.022
0.30000000000000004,H61A|B|C,0.0
0.30000000000000004,G47A|B|C,0.003
0.30000000000000004,H06A|B,0.0
0.30000000000000004,B79A|B,0.0
0.30000000000000004,I05A|B,0.002
0.30000000000000004,I67A|B,0.0
0.30000000000000004,I74A|B,0.0
0.30000000000000004,I19A|B,0.004
0.30000000000000004,G60A|B,0.023
0.30000000000000004,I11Z,0.001
0.30000000000000004,D02A|B|C,0.0
0.30000000000000004,U60Z,0.002
0.30000000000000004,G67A|B,0.009
0.30000000000000004,A40A|B,0.0
0.30000000000000004,F42A|B|C,0.0
0.30000000000000004,H02A|B,0.0
0.30000000000000004,K09A|B,0.0
0.30000000000000004,J65A|B|C,0.0
0.30000000000000004,M05Z,0.002
0.30000000000000004,G61A|B,0.024
0.30000000000000004,F40A|B,0.0
0.30000000000000004,E67A|B,0.004
0.30000000000000004,D04Z,0.0
0.30000000000000004,C05Z,0.006
0.30000000000000004,K60A|B|C,0.001
0.30000000000000004,F04A|B,0.0
0.30000000000000004,I12A|B|C,0.004
0.30000000000000004,I15Z,0.002
0.30000000000000004,J67A|B,0.0
0.30000000000000004,F63A|B,0.0
0.30000000000000004,I07Z,0.004
0.30000000000000004,I28A|B,0.002
0.30000000000000004,I60Z,0.0
0.30000000000000004,J64A|B,0.0
0.30000000000000004,I18Z,0.002
0.30000000000000004,M01A|B,0.005
0.30000000000000004,B73Z,0.003
0.30000000000000004,G48A|B|C,0.011
0.30000000000000004,F18A|B,0.0
0.30000000000000004,F75A|B|C,0.0
0.30000000000000004,D11Z,0.003
0.30000000000000004,E42A|B|C,0.004
0.30000000000000004,M60A|B,0.0
0.30000000000000004,L07A|B,0.0
0.30000000000000004,R02A|B|C,0.001
0.30000000000000004,L68Z,0.006
0.30000000000000004,F10A|B,0.0
0.30000000000000004,K61Z,0.001
0.30000000000000004,C15Z,0.004
0.30000000000000004,I68A|B,0.0
0.30000000000000004,D63A|B|C,0.0
0.30000000000000004,I03A|B,0.001
0.30000000000000004,M64Z,0.0
0.30000000000000004,I78A|B,0.0
0.30000000000000004,E01A|B,0.002
0.30000000000000004,B41Z,0.002
0.30000000000000004,L62A|B,0.004
0.30000000000000004,L42Z,0.02
0.30000000000000004,E66A|B|C,0.002
0.30000000000000004,F73A|B|C,0.0
0.30000000000000004,G46A|B|C,0.006
0.30000000000000004,M06A|B,0.014
0.30000000000000004,D61A|B|C,0.0
0.30000000000000004,E74A|B|C,0.002
0.30000000000000004,K12Z,0.001
0.30000000000000004,F03A|B,0.0
0.30000000000000004,G02A|B,0.003
0.30000000000000004,L08A|B,0.001
0.30000000000000004,N60A|B,0.022
0.30000000000000004,B05Z,0.003
0.30000000000000004,B81A|B,0.001
0.30000000000000004,F19A|B,0.0
0.30000000000000004,E61A|B,0.0
0.30000000000000004,L09A|B|C,0.0
0.30000000000000004,I29Z,0.004
0.30000000000000004,I21Z,0.003
0.30000000000000004,J01A|B,0.002
0.30000000000000004,E65A|B,0.004
0.30000000000000004,D65Z,0.0
0.30000000000000004,U64Z,0.008
0.30000000000000004,N61Z,0.004
0.30000000000000004,F02Z,0.0
0.30000000000000004,E73A|B|C,0.003
0.30000000000000004,K63A|B,0.0
0.30000000000000004,F61A|B,0.003
0.30000000000000004,L06A|B,0.0
0.30000000000000004,E70A|B,0.003
0.30000000000000004,L03A|B|C,0.002
0.30000000000000004,N09Z,0.0
0.30000000000000004,N10Z,0.0
0.30000000000000004,F17Z,0.0
0.30000000000000004,G10A|B,0.003
0.30000000000000004,L67A|B|C,0.028
0.30000000000000004,B77Z,0.002
0.30000000000000004,B80A|B,0.003
0.30000000000000004,I02A|B,0.0
0.30000000000000004,J09Z,0.001
0.30000000000000004,D14A|B,0.001
0.30000000000000004,I71A|B,0.0
0.30000000000000004,E62A|B|C,0.004
0.30000000000000004,E68A|B,0.001
0.30000000000000004,I61A|B,0.0
0.30000000000000004,G64A|B,0.006
0.30000000000000004,B72A|B,0.0
0.30000000000000004,E75A|B,0.003
0.30000000000000004,C11Z,0.003
0.30000000000000004,I77A|B,0.0
0.30000000000000004,U67Z,0.011
0.30000000000000004,C60A|B,0.001
0.30000000000000004,K08Z,0.0
0.30000000000000004,H60A|B|C,0.0
0.30000000000000004,E02A|B|C,0.0
0.30000000000000004,G12A|B|C,0.004
0.30000000000000004,F20Z,0.001
0.30000000000000004,G66A|B,0.014
0.30000000000000004,B66A|B|C,0.002
0.30000000000000004,J12A|B|C,0.004
0.30000000000000004,C63A|B,0.001
0.30000000000000004,F72A|B,0.016
0.30000000000000004,K40A|B|C,0.001
0.30000000000000004,I09A|B,0.004
0.30000000000000004,I65A|B,0.0
0.30000000000000004,F14A|B|C,0.001
0.30000000000000004,F69A|B,0.006
0.30000000000000004,N07A|B,0.0
0.30000000000000004,C01Z,0.005
0.30000000000000004,C02Z,0.006
0.30000000000000004,C61A|B,0.001
0.30000000000000004,C12Z,0.005
0.30000000000000004,I04A|B,0.001
0.30000000000000004,F74A|B,0.013
0.30000000000000004,I06Z,0.003
0.30000000000000004,I25A|B,0.003
0.30000000000000004,J06A|B,0.001
0.30000000000000004,G01A|B,0.004
0.30000000000000004,M02A|B,0.015
0.30000000000000004,U62A|B,0.008
0.30000000000000004,F06A|B,0.001
0.30000000000000004,M03Z,0.009
0.30000000000000004,J62A|B,0.0
0.30000000000000004,T60A|B,0.0
0.30000000000000004,B01A|B,0.003
0.30000000000000004,T61A|B,0.001
0.30000000000000004,H01A|B,0.0
0.4,K03Z,0.001
0.4,T62A|B,0.001
0.4,K62A|B|C,0.0
0.4,B67A|B|C,0.003
0.4,B82A|B|C,0.002
0.4,J07A|B,0.004
0.4,H07A|B,0.0
0.4,B06A|B|C,0.001
0.4,B63Z,0.002
0.4,I66A|B,0.0
0.4,E69A|B,0.003
0.4,E40A|B,0.002
0.4,T40Z,0.002
0.4,E71A|B|C,0.004
0.4,C03Z,0.004
0.4,J69A|B|C,0.0
0.4,C14Z,0.004
0.4,U61A|B,0.005
0.4,K05A|B,0.001
0.4,D100Z,0.006
0.4,L61Z,0.025
0.4,B42A|B,0.002
0.4,K02A|B,0.001
0.4,D05Z,0.005
0.4,B02A|B|C,0.002
0.4,D64Z,0.0
0.4,K06A|B,0.0
0.4,C04Z,0.003
0.4,J13A|B,0.004
0.4,G11Z,0.003
0.4,D60A|B|C,0.0
0.4,I16Z,0.003
0.4,L02A|B,0.003
0.4,I10A|B,0.0
0.4,B07A|B,0.0
0.4,T63A|B,0.001
0.4,L05A|B,0.002
0.4,I13A|B|C,0.004
0.4,B69A|B,0.003
0.4,I73A|B,0.0
0.4,G70A|B|C,0.026
0.4,L04A|B|C,0.0
0.4,C13Z,0.004
0.4,E76A|B,0.003
0.4,I08A|B,0.002
0.4,I23Z,0.004
0.4,J08A|B|C,0.004
0.4,J60A|B|C,0.0
0.4,U68Z,0.006
0.4,F12A|B,0.0
0.4,T64A|B|C,0.002
0.4,H08A|B,0.0
0.4,D06Z,0.001
0.4,I72A|B,0.0
0.4,B64A|B,0.001
0.4,N62Z,0.014
0.4,G65A|B,0.02
0.4,N06Z,0.0
0.4,F43Z,0.0
0.4,R01A|B,0.001
0.4,X00X|B,0.041
0.4,F76A|B|C,0.002
0.4,I69A|B,0.0
0.4,D13Z,0.002
0.4,U66Z,0.0
0.4,U40Z,0.002
0.4,K01A|B,0.001
0.4,M61A|B,0.001
0.4,I32A|B,0.004
0.4,J68A|B|C,0.0
0.4,L65A|B,0.004
0.4,I75A|B,0.0
0.4,F11A|B,0.002
0.4,L64A|B|C,0.007
0.4,J10Z,0.003
0.4,M04Z,0.003
0.4,R62A|B,0.019
0.4,I76A|B,0.0
0.4,C62A|B,0.0
0.4,I63A|B,0.0
0.4,C10Z,0.001
0.4,U63A|B,0.008
0.4,F62A|B|C,0.01
0.4,F13A|B,0.001
0.4,I81Z,0.0
0.4,F21A|B,0.003
0.4,F05A|B,0.001
0.4,I24Z,0.004
0.4,U65Z,0.003
0.4,F66A|B,0.004
0.4,D12A|B,0.004
0.4,I79A|B,0.0
0.4,T01A|B|C,0.0
0.4,N11Z,0.001
0.4,L41Z,0.02
0.4,H64A|B|C,0.0
0.4,I30Z,0.003
0.4,F08A|B,0.003
0.4,B78A|B|C,0.001
0.4,R03A|B|C,0.001
0.4,I64A|B,0.0
0.4,N04A|B,0.0
0.4,F41A|B,0.0
0.4,B03A|B,0.003
0.4,B68A|B,0.002
0.4,F68Z,0.011
0.4,H63A|B|C,0.0
0.4,I20Z,0.003
0.4,M62A_B,0.0
0.4,F64A|B,0.0
0.4,R60A|B|C,0.003
0.4,H05A|B,0.0
0.4,H62A|B,0.0
0.4,B71A|B|C,0.003
0.4,E41a|B,0.004
0.4,I31A|B,0.004
0.4,L40Z,0.022
0.4,X00X|A,0.01
0.4,K64A|B|C,0.0
0.4,F67A|B,0.0
0.4,D62A|B,0.0
0.4,G03A|B|C,0.001
0.4,B04A|B,0.002
0.4,J11Z,0.004
0.4,J14Z,0.001
0.4,K13Z,0.001
0.4,F60A|B,0.0
0.4,G07A|B,0.003
0.4,B76A|B|C,0.003
0.4,C16Z,0.003
0.4,E63Z,0.001
0.4,M40Z,0.001
0.4,E64A|B,0.002
0.4,G04A|B|C,0.003
0.4,B70A|B|C|D,0.002
0.4,J63A|B,0.0
0.4,F01A|B,0.0
0.4,N08Z,0.0
0.4,L60A|B|C,0.001
0.4,R04A|B,0.0
0.4,I27A|B|C,0.003
0.4,D15Z,0.003
0.4,F09A|B|C,0.0
0.4,I17A|B,0.004
0.4,F07A|B,0.0
0.4,F65A|B,0.0
0.4,K11A|B,0.001
0.4,R63Z,0.005
0.4,G05A|B|C,0.002
0.4,L63A|B,0.011
0.4,R61A|B|C,0.033
0.4,I80Z,0.0
0.4,I01A|B,0.004
0.4,D66A|B|C,0.0
0.4,L66Z,0.022
0.4,H61A|B|C,0.0
0.4,G47A|B|C,0.003
0.4,H06A|B,0.0
0.4,B79A|B,0.0
0.4,I05A|B,0.002
0.4,I67A|B,0.0
0.4,I74A|B,0.0
0.4,I19A|B,0.004
0.4,G60A|B,0.023
0.4,I11Z,0.001
0.4,D02A|B|C,0.0
0.4,U60Z,0.002
0.4,G67A|B,0.009
0.4,A40A|B,0.0
0.4,F42A|B|C,0.0
0.4,H02A|B,0.0
0.4,K09A|B,0.0
0.4,J65A|B|C,0.0
0.4,M05Z,0.002
0.4,G61A|B,0.024
0.4,F40A|B,0.0
0.4,E67A|B,0.004
0.4,D04Z,0.0
0.4,C05Z,0.006
0.4,K60A|B|C,0.001
0.4,F04A|B,0.0
0.4,I12A|B|C,0.004
0.4,I15Z,0.002
0.4,J67A|B,0.0
0.4,F63A|B,0.0
0.4,I07Z,0.004
0.4,I28A|B,0.002
0.4,I60Z,0.0
0.4,J64A|B,0.0
0.4,I18Z,0.002
0.4,M01A|B,0.005
0.4,B73Z,0.003
0.4,G48A|B|C,0.011
0.4,F18A|B,0.0
0.4,F75A|B|C,0.0
0.4,D11Z,0.003
0.4,E42A|B|C,0.004
0.4,M60A|B,0.0
0.4,L07A|B,0.0
0.4,R02A|B|C,0.001
0.4,L68Z,0.006
0.4,F10A|B,0.0
0.4,K61Z,0.001
0.4,C15Z,0.004
0.4,I68A|B,0.0
0.4,D63A|B|C,0.0
0.4,I03A|B,0.001
0.4,M64Z,0.0
0.4,I78A|B,0.0
0.4,E01A|B,0.002
0.4,B41Z,0.002
0.4,L62A|B,0.004
0.4,L42Z,0.02
0.4,E66A|B|C,0.002
0.4,F73A|B|C,0.0
0.4,G46A|B|C,0.006
0.4,M06A|B,0.014
0.4,D61A|B|C,0.0
0.4,E74A|B|C,0.002
0.4,K12Z,0.001
0.4,F03A|B,0.0
0.4,G02A|B,0.003
0.4,L08A|B,0.001
0.4,N60A|B,0.022
0.4,B05Z,0.003
0.4,B81A|B,0.001
0.4,F19A|B,0.0
0.4,E61A|B,0.0
0.4,L09A|B|C,0.0
0.4,I29Z,0.004
0.4,I21Z,0.003
0.4,J01A|B,0.002
0.4,E65A|B,0.004
0.4,D65Z,0.0
0.4,U64Z,0.008
0.4,N61Z,0.004
0.4,F02Z,0.0
0.4,E73A|B|C,0.003
0.4,K63A|B,0.0
0.4,F61A|B,0.003
0.4,L06A|B,0.0
0.4,E70A|B,0.003
0.4,L03A|B|C,0.002
0.4,N09Z,0.0
0.4,N10Z,0.0
0.4,F17Z,0.0
0.4,G10A|B,0.003
0.4,L67A|B|C,0.028
0.4,B77Z,0.002
0.4,B80A|B,0.003
0.4,I02A|B,0.0
0.4,J09Z,0.001
0.4,D14A|B,0.001
0.4,I71A|B,0.0
0.4,E62A|B|C,0.004
0.4,E68A|B,0.001
0.4,I61A|B,0.0
0.4,G64A|B,0.006
0.4,B72A|B,0.0
0.4,E75A|B,0.003
0.4,C11Z,0.003
0.4,I77A|B,0.0
0.4,U67Z,0.011
0.4,C60A|B,0.001
0.4,K08Z,0.0
0.4,H60A|B|C,0.0
0.4,E02A|B|C,0.0
0.4,G12A|B|C,0.004
0.4,F20Z,0.001
0.4,G66A|B,0.014
0.4,B66A|B|C,0.002
0.4,J12A|B|C,0.004
0.4,C63A|B,0.001
0.4,F72A|B,0.016
0.4,K40A|B|C,0.001
0.4,I09A|B,0.004
0.4,I65A|B,0.0
0.4,F14A|B|C,0.001
0.4,F69A|B,0.006
0.4,N07A|B,0.0
0.4,C01Z,0.005
0.4,C02Z,0.006
0.4,C61A|B,0.001
0.4,C12Z,0.005
0.4,I04A|B,0.001
0.4,F74A|B,0.013
0.4,I06Z,0.003
0.4,I25A|B,0.003
0.4,J06A|B,0.001
0.4,G01A|B,0.004
0.4,M02A|B,0.015
0.4,U62A|B,0.008
0.4,F06A|B,0.001
0.4,M03Z,0.009
0.4,J62A|B,0.0
0.4,T60A|B,0.0
0.4,B01A|B,0.003
0.4,T61A|B,0.001
0.4,H01A|B,0.0
0.5,K03Z,0.001
0.5,T62A|B,0.001
0.5,K62A|B|C,0.0
0.5,B67A|B|C,0.003
0.5,B82A|B|C,0.002
0.5,J07A|B,0.004
0.5,H07A|B,0.0
0.5,B06A|B|C,0.001
0.5,B63Z,0.002
0.5,I66A|B,0.0
0.5,E69A|B,0.003
0.5,E40A|B,0.002
0.5,T40Z,0.002
0.5,E71A|B|C,0.004
0.5,C03Z,0.004
0.5,J69A|B|C,0.0
0.5,C14Z,0.004
0.5,U61A|B,0.005
0.5,K05A|B,0.001
0.5,D100Z,0.006
0.5,L61Z,0.025
0.5,B42A|B,0.002
0.5,K02A|B,0.001
0.5,D05Z,0.005
0.5,B02A|B|C,0.002
0.5,D64Z,0.0
0.5,K06A|B,0.0
0.5,C04Z,0.003
0.5,J13A|B,0.004
0.5,G11Z,0.003
0.5,D60A|B|C,0.0
0.5,I16Z,0.003
0.5,L02A|B,0.003
0.5,I10A|B,0.0
0.5,B07A|B,0.0
0.5,T63A|B,0.001
0.5,L05A|B,0.002
0.5,I13A|B|C,0.004
0.5,B69A|B,0.003
0.5,I73A|B,0.0
0.5,G70A|B|C,0.026
0.5,L04A|B|C,0.0
0.5,C13Z,0.004
0.5,E76A|B,0.003
0.5,I08A|B,0.002
0.5,I23Z,0.004
0.5,J08A|B|C,0.004
0.5,J60A|B|C,0.0
0.5,U68Z,0.006
0.5,F12A|B,0.0
0.5,T64A|B|C,0.002
0.5,H08A|B,0.0
0.5,D06Z,0.001
0.5,I72A|B,0.0
0.5,B64A|B,0.001
0.5,N62Z,0.014
0.5,G65A|B,0.02
0.5,N06Z,0.0
0.5,F43Z,0.0
0.5,R01A|B,0.001
0.5,X00X|B,0.041
0.5,F76A|B|C,0.002
0.5,I69A|B,0.0
0.5,D13Z,0.002
0.5,U66Z,0.0
0.5,U40Z,0.002
0.5,K01A|B,0.001
0.5,M61A|B,0.001
0.5,I32A|B,0.004
0.5,J68A|B|C,0.0
0.5,L65A|B,0.004
0.5,I75A|B,0.0
0.5,F11A|B,0.002
0.5,L64A|B|C,0.007
0.5,J10Z,0.003
0.5,M04Z,0.003
0.5,R62A|B,0.019
0.5,I76A|B,0.0
0.5,C62A|B,0.0
0.5,I63A|B,0.0
0.5,C10Z,0.001
0.5,U63A|B,0.008
0.5,F62A|B|C,0.01
0.5,F13A|B,0.001
0.5,I81Z,0.0
0.5,F21A|B,0.003
0.5,F05A|B,0.001
0.5,I24Z,0.004
0.5,U65Z,0.003
0.5,F66A|B,0.004
0.5,D12A|B,0.004
0.5,I79A|B,0.0
0.5,T01A|B|C,0.0
0.5,N11Z,0.001
0.5,L41Z,0.02
0.5,H64A|B|C,0.0
0.5,I30Z,0.003
0.5,F08A|B,0.003
0.5,B78A|B|C,0.001
0.5,R03A|B|C,0.001
0.5,I64A|B,0.0
0.5,N04A|B,0.0
0.5,F41A|B,0.0
0.5,B03A|B,0.003
0.5,B68A|B,0.002
0.5,F68Z,0.011
0.5,H63A|B|C,0.0
0.5,I20Z,0.003
0.5,M62A_B,0.0
0.5,F64A|B,0.0
0.5,R60A|B|C,0.003
0.5,H05A|B,0.0
0.5,H62A|B,0.0
0.5,B71A|B|C,0.003
0.5,E41a|B,0.004
0.5,I31A|B,0.004
0.5,L40Z,0.022
0.5,X00X|A,0.01
0.5,K64A|B|C,0.0
0.5,F67A|B,0.0
0.5,D62A|B,0.0
0.5,G03A|B|C,0.001
0.5,B04A|B,0.002
0.5,J11Z,0.004
0.5,J14Z,0.001
0.5,K13Z,0.001
0.5,F60A|B,0.0
0.5,G07A|B,0.003
0.5,B76A|B|C,0.003
0.5,C16Z,0.003
0.5,E63Z,0.001
0.5,M40Z,0.001
0.5,E64A|B,0.002
0.5,G04A|B|C,0.003
0.5,B70A|B|C|D,0.002
0.5,J63A|B,0.0
0.5,F01A|B,0.0
0.5,N08Z,0.0
0.5,L60A|B|C,0.001
0.5,R04A|B,0.0
0.5,I27A|B|C,0.003
0.5,D15Z,0.003
0.5,F09A|B|C,0.0
0.5,I17A|B,0.004
0.5,F07A|B,0.0
0.5,F65A|B,0.0
0.5,K11A|B,0.001
0.5,R63Z,0.005
0.5,G05A|B|C,0.002
0.5,L63A|B,0.011
0.5,R61A|B|C,0.033
0.5,I80Z,0.0
0.5,I01A|B,0.004
0.5,D66A|B|C,0.0
0.5,L66Z,0.022
0.5,H61A|B|C,0.0
0.5,G47A|B|C,0.003
0.5,H06A|B,0.0
0.5,B79A|B,0.0
0.5,I05A|B,0.002
0.5,I67A|B,0.0
0.5,I74A|B,0.0
0.5,I19A|B,0.004
0.5,G60A|B,0.023
0.5,I11Z,0.001
0.5,D02A|B|C,0.0
0.5,U60Z,0.002
0.5,G67A|B,0.009
0.5,A40A|B,0.0
0.5,F42A|B|C,0.0
0.5,H02A|B,0.0
0.5,K09A|B,0.0
0.5,J65A|B|C,0.0
0.5,M05Z,0.002
0.5,G61A|B,0.024
0.5,F40A|B,0.0
0.5,E67A|B,0.004
0.5,D04Z,0.0
0.5,C05Z,0.006
0.5,K60A|B|C,0.001
0.5,F04A|B,0.0
0.5,I12A|B|C,0.004
0.5,I15Z,0.002
0.5,J67A|B,0.0
0.5,F63A|B,0.0
0.5,I07Z,0.004
0.5,I28A|B,0.002
0.5,I60Z,0.0
0.5,J64A|B,0.0
0.5,I18Z,0.002
0.5,M01A|B,0.005
0.5,B73Z,0.003
0.5,G48A|B|C,0.011
0.5,F18A|B,0.0
0.5,F75A|B|C,0.0
0.5,D11Z,0.003
0.5,E42A|B|C,0.004
0.5,M60A|B,0.0
0.5,L07A|B,0.0
0.5,R02A|B|C,0.001
0.5,L68Z,0.006
0.5,F10A|B,0.0
0.5,K61Z,0.001
0.5,C15Z,0.004
0.5,I68A|B,0.0
0.5,D63A|B|C,0.0
0.5,I03A|B,0.001
0.5,M64Z,0.0
0.5,I78A|B,0.0
0.5,E01A|B,0.002
0.5,B41Z,0.002
0.5,L62A|B,0.004
0.5,L42Z,0.02
0.5,E66A|B|C,0.002
0.5,F73A|B|C,0.0
0.5,G46A|B|C,0.006
0.5,M06A|B,0.014
0.5,D61A|B|C,0.0
0.5,E74A|B|C,0.002
0.5,K12Z,0.001
0.5,F03A|B,0.0
0.5,G02A|B,0.003
0.5,L08A|B,0.001
0.5,N60A|B,0.022
0.5,B05Z,0.003
0.5,B81A|B,0.001
0.5,F19A|B,0.0
0.5,E61A|B,0.0
0.5,L09A|B|C,0.0
0.5,I29Z,0.004
0.5,I21Z,0.003
0.5,J01A|B,0.002
0.5,E65A|B,0.004
0.5,D65Z,0.0
0.5,U64Z,0.008
0.5,N61Z,0.004
0.5,F02Z,0.0
0.5,E73A|B|C,0.003
0.5,K63A|B,0.0
0.5,F61A|B,0.003
0.5,L06A|B,0.0
0.5,E70A|B,0.003
0.5,L03A|B|C,0.002
0.5,N09Z,0.0
0.5,N10Z,0.0
0.5,F17Z,0.0
0.5,G10A|B,0.003
0.5,L67A|B|C,0.028
0.5,B77Z,0.002
0.5,B80A|B,0.003
0.5,I02A|B,0.0
0.5,J09Z,0.001
0.5,D14A|B,0.001
0.5,I71A|B,0.0
0.5,E62A|B|C,0.004
0.5,E68A|B,0.001
0.5,I61A|B,0.0
0.5,G64A|B,0.006
0.5,B72A|B,0.0
0.5,E75A|B,0.003
0.5,C11Z,0.003
0.5,I77A|B,0.0
0.5,U67Z,0.011
0.5,C60A|B,0.001
0.5,K08Z,0.0
0.5,H60A|B|C,0.0
0.5,E02A|B|C,0.0
0.5,G12A|B|C,0.004
0.5,F20Z,0.001
0.5,G66A|B,0.014
0.5,B66A|B|C,0.002
0.5,J12A|B|C,0.004
0.5,C63A|B,0.001
0.5,F72A|B,0.016
0.5,K40A|B|C,0.001
0.5,I09A|B,0.004
0.5,I65A|B,0.0
0.5,F14A|B|C,0.001
0.5,F69A|B,0.006
0.5,N07A|B,0.0
0.5,C01Z,0.005
0.5,C02Z,0.006
0.5,C61A|B,0.001
0.5,C12Z,0.005
0.5,I04A|B,0.001
0.5,F74A|B,0.013
0.5,I06Z,0.003
0.5,I25A|B,0.003
0.5,J06A|B,0.001
0.5,G01A|B,0.004
0.5,M02A|B,0.015
0.5,U62A|B,0.008
0.5,F06A|B,0.001
0.5,M03Z,0.009
0.5,J62A|B,0.0
0.5,T60A|B,0.0
0.5,B01A|B,0.003
0.5,T61A|B,0.001
0.5,H01A|B,0.0
0.6000000000000001,K03Z,0.001
0.6000000000000001,T62A|B,0.001
0.6000000000000001,K62A|B|C,0.0
0.6000000000000001,B67A|B|C,0.003
0.6000000000000001,B82A|B|C,0.002
0.6000000000000001,J07A|B,0.004
0.6000000000000001,H07A|B,0.0
0.6000000000000001,B06A|B|C,0.001
0.6000000000000001,B63Z,0.002
0.6000000000000001,I66A|B,0.0
0.6000000000000001,E69A|B,0.003
0.6000000000000001,E40A|B,0.002
0.6000000000000001,T40Z,0.002
0.6000000000000001,E71A|B|C,0.004
0.6000000000000001,C03Z,0.004
0.6000000000000001,J69A|B|C,0.0
0.6000000000000001,C14Z,0.004
0.6000000000000001,U61A|B,0.005
0.6000000000000001,K05A|B,0.001
0.6000000000000001,D100Z,0.006
0.6000000000000001,L61Z,0.025
0.6000000000000001,B42A|B,0.002
0.6000000000000001,K02A|B,0.001
0.6000000000000001,D05Z,0.005
0.6000000000000001,B02A|B|C,0.002
0.6000000000000001,D64Z,0.0
0.6000000000000001,K06A|B,0.0
0.6000000000000001,C04Z,0.003
0.6000000000000001,J13A|B,0.004
0.6000000000000001,G11Z,0.003
0.6000000000000001,D60A|B|C,0.0
0.6000000000000001,I16Z,0.003
0.6000000000000001,L02A|B,0.003
0.6000000000000001,I10A|B,0.0
0.6000000000000001,B07A|B,0.0
0.6000000000000001,T63A|B,0.001
0.6000000000000001,L05A|B,0.002
0.6000000000000001,I13A|B|C,0.004
0.6000000000000001,B69A|B,0.003
0.6000000000000001,I73A|B,0.0
0.6000000000000001,G70A|B|C,0.026
0.6000000000000001,L04A|B|C,0.0
0.6000000000000001,C13Z,0.004
0.6000000000000001,E76A|B,0.003
0.6000000000000001,I08A|B,0.002
0.6000000000000001,I23Z,0.004
0.6000000000000001,J08A|B|C,0.004
0.6000000000000001,J60A|B|C,0.0
0.6000000000000001,U68Z,0.006
0.6000000000000001,F12A|B,0.0
0.6000000000000001,T64A|B|C,0.002
0.6000000000000001,H08A|B,0.0
0.6000000000000001,D06Z,0.001
0.6000000000000001,I72A|B,0.0
0.6000000000000001,B64A|B,0.001
0.6000000000000001,N62Z,0.014
0.6000000000000001,G65A|B,0.02
0.6000000000000001,N06Z,0.0
0.6000000000000001,F43Z,0.0
0.6000000000000001,R01A|B,0.001
0.6000000000000001,X00X|B,0.041
0.6000000000000001,F76A|B|C,0.002
0.6000000000000001,I69A|B,0.0
0.6000000000000001,D13Z,0.002
0.6000000000000001,U66Z,0.0
0.6000000000000001,U40Z,0.002
0.6000000000000001,K01A|B,0.001
0.6000000000000001,M61A|B,0.001
0.6000000000000001,I32A|B,0.004
0.6000000000000001,J68A|B|C,0.0
0.6000000000000001,L65A|B,0.004
0.6000000000000001,I75A|B,0.0
0.6000000000000001,F11A|B,0.002
0.6000000000000001,L64A|B|C,0.007
0.6000000000000001,J10Z,0.003
0.6000000000000001,M04Z,0.003
0.6000000000000001,R62A|B,0.019
0.6000000000000001,I76A|B,0.0
0.6000000000000001,C62A|B,0.0
0.6000000000000001,I63A|B,0.0
0.6000000000000001,C10Z,0.001
0.6000000000000001,U63A|B,0.008
0.6000000000000001,F62A|B|C,0.01
0.6000000000000001,F13A|B,0.001
0.6000000000000001,I81Z,0.0
0.6000000000000001,F21A|B,0.003
0.6000000000000001,F05A|B,0.001
0.6000000000000001,I24Z,0.004
0.6000000000000001,U65Z,0.003
0.6000000000000001,F66A|B,0.004
0.6000000000000001,D12A|B,0.004
0.6000000000000001,I79A|B,0.0
0.6000000000000001,T01A|B|C,0.0
0.6000000000000001,N11Z,0.001
0.6000000000000001,L41Z,0.02
0.6000000000000001,H64A|B|C,0.0
0.6000000000000001,I30Z,0.003
0.6000000000000001,F08A|B,0.003
0.6000000000000001,B78A|B|C,0.001
0.6000000000000001,R03A|B|C,0.001
0.6000000000000001,I64A|B,0.0
0.6000000000000001,N04A|B,0.0
0.6000000000000001,F41A|B,0.0
0.6000000000000001,B03A|B,0.003
0.6000000000000001,B68A|B,0.002
0.6000000000000001,F68Z,0.011
0.6000000000000001,H63A|B|C,0.0
0.6000000000000001,I20Z,0.003
0.6000000000000001,M62A_B,0.0
0.6000000000000001,F64A|B,0.0
0.6000000000000001,R60A|B|C,0.003
0.6000000000000001,H05A|B,0.0
0.6000000000000001,H62A|B,0.0
0.6000000000000001,B71A|B|C,0.003
0.6000000000000001,E41a|B,0.004
0.6000000000000001,I31A|B,0.004
0.6000000000000001,L40Z,0.022
0.6000000000000001,X00X|A,0.01
0.6000000000000001,K64A|B|C,0.0
0.6000000000000001,F67A|B,0.0
0.6000000000000001,D62A|B,0.0
0.6000000000000001,G03A|B|C,0.001
0.6000000000000001,B04A|B,0.002
0.6000000000000001,J11Z,0.004
0.6000000000000001,J14Z,0.001
0.6000000000000001,K13Z,0.001
0.6000000000000001,F60A|B,0.0
0.6000000000000001,G07A|B,0.003
0.6000000000000001,B76A|B|C,0.003
0.6000000000000001,C16Z,0.003
0.6000000000000001,E63Z,0.001
0.6000000000000001,M40Z,0.001
0.6000000000000001,E64A|B,0.002
0.6000000000000001,G04A|B|C,0.003
0.6000000000000001,B70A|B|C|D,0.002
0.6000000000000001,J63A|B,0.0
0.6000000000000001,F01A|B,0.0
0.6000000000000001,N08Z,0.0
0.6000000000000001,L60A|B|C,0.001
0.6000000000000001,R04A|B,0.0
0.6000000000000001,I27A|B|C,0.003
0.6000000000000001,D15Z,0.003
0.6000000000000001,F09A|B|C,0.0
0.6000000000000001,I17A|B,0.004
0.6000000000000001,F07A|B,0.0
0.6000000000000001,F65A|B,0.0
0.6000000000000001,K11A|B,0.001
0.6000000000000001,R63Z,0.005
0.6000000000000001,G05A|B|C,0.002
0.6000000000000001,L63A|B,0.011
0.6000000000000001,R61A|B|C,0.033
0.6000000000000001,I80Z,0.0
0.6000000000000001,I01A|B,0.004
0.6000000000000001,D66A|B|C,0.0
0.6000000000000001,L66Z,0.022
0.6000000000000001,H61A|B|C,0.0
0.6000000000000001,G47A|B|C,0.003
0.6000000000000001,H06A|B,0.0
0.6000000000000001,B79A|B,0.0
0.6000000000000001,I05A|B,0.002
0.6000000000000001,I67A|B,0.0
0.6000000000000001,I74A|B,0.0
0.6000000000000001,I19A|B,0.004
0.6000000000000001,G60A|B,0.023
0.6000000000000001,I11Z,0.001
0.6000000000000001,D02A|B|C,0.0
0.6000000000000001,U60Z,0.002
0.6000000000000001,G67A|B,0.009
0.6000000000000001,A40A|B,0.0
0.6000000000000001,F42A|B|C,0.0
0.6000000000000001,H02A|B,0.0
0.6000000000000001,K09A|B,0.0
0.6000000000000001,J65A|B|C,0.0
0.6000000000000001,M05Z,0.002
0.6000000000000001,G61A|B,0.024
0.6000000000000001,F40A|B,0.0
0.6000000000000001,E67A|B,0.004
0.6000000000000001,D04Z,0.0
0.6000000000000001,C05Z,0.006
0.6000000000000001,K60A|B|C,0.001
0.6000000000000001,F04A|B,0.0
0.6000000000000001,I12A|B|C,0.004
0.6000000000000001,I15Z,0.002
0.6000000000000001,J67A|B,0.0
0.6000000000000001,F63A|B,0.0
0.6000000000000001,I07Z,0.004
0.6000000000000001,I28A|B,0.002
0.6000000000000001,I60Z,0.0
0.6000000000000001,J64A|B,0.0
0.6000000000000001,I18Z,0.002
0.6000000000000001,M01A|B,0.005
0.6000000000000001,B73Z,0.003
0.6000000000000001,G48A|B|C,0.011
0.6000000000000001,F18A|B,0.0
0.6000000000000001,F75A|B|C,0.0
0.6000000000000001,D11Z,0.003
0.6000000000000001,E42A|B|C,0.004
0.6000000000000001,M60A|B,0.0
0.6000000000000001,L07A|B,0.0
0.6000000000000001,R02A|B|C,0.001
0.6000000000000001,L68Z,0.006
0.6000000000000001,F10A|B,0.0
0.6000000000000001,K61Z,0.001
0.6000000000000001,C15Z,0.004
0.6000000000000001,I68A|B,0.0
0.6000000000000001,D63A|B|C,0.0
0.6000000000000001,I03A|B,0.001
0.6000000000000001,M64Z,0.0
0.6000000000000001,I78A|B,0.0
0.6000000000000001,E01A|B,0.002
0.6000000000000001,B41Z,0.002
0.6000000000000001,L62A|B,0.004
0.6000000000000001,L42Z,0.02
0.6000000000000001,E66A|B|C,0.002
0.6000000000000001,F73A|B|C,0.0
0.6000000000000001,G46A|B|C,0.006
0.6000000000000001,M06A|B,0.014
0.6000000000000001,D61A|B|C,0.0
0.6000000000000001,E74A|B|C,0.002
0.6000000000000001,K12Z,0.001
0.6000000000000001,F03A|B,0.0
0.6000000000000001,G02A|B,0.003
0.6000000000000001,L08A|B,0.001
0.6000000000000001,N60A|B,0.022
0.6000000000000001,B05Z,0.003
0.6000000000000001,B81A|B,0.001
0.6000000000000001,F19A|B,0.0
0.6000000000000001,E61A|B,0.0
0.6000000000000001,L09A|B|C,0.0
0.6000000000000001,I29Z,0.004
0.6000000000000001,I21Z,0.003
0.6000000000000001,J01A|B,0.002
0.6000000000000001,E65A|B,0.004
0.6000000000000001,D65Z,0.0
0.6000000000000001,U64Z,0.008
0.6000000000000001,N61Z,0.004
0.6000000000000001,F02Z,0.0
0.6000000000000001,E73A|B|C,0.003
0.6000000000000001,K63A|B,0.0
0.6000000000000001,F61A|B,0.003
0.6000000000000001,L06A|B,0.0
0.6000000000000001,E70A|B,0.003
0.6000000000000001,L03A|B|C,0.002
0.6000000000000001,N09Z,0.0
0.6000000000000001,N10Z,0.0
0.6000000000000001,F17Z,0.0
0.6000000000000001,G10A|B,0.003
0.6000000000000001,L67A|B|C,0.028
0.6000000000000001,B77Z,0.002
0.6000000000000001,B80A|B,0.003
0.6000000000000001,I02A|B,0.0
0.6000000000000001,J09Z,0.001
0.6000000000000001,D14A|B,0.001
0.6000000000000001,I71A|B,0.0
0.6000000000000001,E62A|B|C,0.004
0.6000000000000001,E68A|B,0.001
0.6000000000000001,I61A|B,0.0
0.6000000000000001,G64A|B,0.006
0.6000000000000001,B72A|B,0.0
0.6000000000000001,E75A|B,0.003
0.6000000000000001,C11Z,0.003
0.6000000000000001,I77A|B,0.0
0.6000000000000001,U67Z,0.011
0.6000000000000001,C60A|B,0.001
0.6000000000000001,K08Z,0.0
0.6000000000000001,H60A|B|C,0.0
0.6000000000000001,E02A|B|C,0.0
0.6000000000000001,G12A|B|C,0.004
0.6000000000000001,F20Z,0.001
0.6000000000000001,G66A|B,0.014
0.6000000000000001,B66A|B|C,0.002
0.6000000000000001,J12A|B|C,0.004
0.6000000000000001,C63A|B,0.001
0.6000000000000001,F72A|B,0.016
0.6000000000000001,K40A|B|C,0.001
0.6000000000000001,I09A|B,0.004
0.6000000000000001,I65A|B,0.0
0.6000000000000001,F14A|B|C,0.001
0.6000000000000001,F69A|B,0.006
0.6000000000000001,N07A|B,0.0
0.6000000000000001,C01Z,0.005
0.6000000000000001,C02Z,0.006
0.6000000000000001,C61A|B,0.001
0.6000000000000001,C12Z,0.005
0.6000000000000001,I04A|B,0.001
0.6000000000000001,F74A|B,0.013
0.6000000000000001,I06Z,0.003
0.6000000000000001,I25A|B,0.003
0.6000000000000001,J06A|B,0.001
0.6000000000000001,G01A|B,0.004
0.6000000000000001,M02A|B,0.015
0.6000000000000001,U62A|B,0.008
0.6000000000000001,F06A|B,0.001
0.6000000000000001,M03Z,0.009
0.6000000000000001,J62A|B,0.0
0.6000000000000001,T60A|B,0.0
0.6000000000000001,B01A|B,0.003
0.6000000000000001,T61A|B,0.001
0.6000000000000001,H01A|B,0.0
0.7000000000000001,K03Z,0.001
0.7000000000000001,T62A|B,0.001
0.7000000000000001,K62A|B|C,0.0
0.7000000000000001,B67A|B|C,0.003
0.7000000000000001,B82A|B|C,0.002
0.7000000000000001,J07A|B,0.004
0.7000000000000001,H07A|B,0.0
0.7000000000000001,B06A|B|C,0.001
0.7000000000000001,B63Z,0.002
0.7000000000000001,I66A|B,0.0
0.7000000000000001,E69A|B,0.003
0.7000000000000001,E40A|B,0.002
0.7000000000000001,T40Z,0.002
0.7000000000000001,E71A|B|C,0.004
0.7000000000000001,C03Z,0.004
0.7000000000000001,J69A|B|C,0.0
0.7000000000000001,C14Z,0.004
0.7000000000000001,U61A|B,0.005
0.7000000000000001,K05A|B,0.001
0.7000000000000001,D100Z,0.006
0.7000000000000001,L61Z,0.025
0.7000000000000001,B42A|B,0.002
0.7000000000000001,K02A|B,0.001
0.7000000000000001,D05Z,0.005
0.7000000000000001,B02A|B|C,0.002
0.7000000000000001,D64Z,0.0
0.7000000000000001,K06A|B,0.0
0.7000000000000001,C04Z,0.003
0.7000000000000001,J13A|B,0.004
0.7000000000000001,G11Z,0.003
0.7000000000000001,D60A|B|C,0.0
0.7000000000000001,I16Z,0.003
0.7000000000000001,L02A|B,0.003
0.7000000000000001,I10A|B,0.0
0.7000000000000001,B07A|B,0.0
0.7000000000000001,T63A|B,0.001
0.7000000000000001,L05A|B,0.002
0.7000000000000001,I13A|B|C,0.004
0.7000000000000001,B69A|B,0.003
0.7000000000000001,I73A|B,0.0
0.7000000000000001,G70A|B|C,0.026
0.7000000000000001,L04A|B|C,0.0
0.7000000000000001,C13Z,0.004
0.7000000000000001,E76A|B,0.003
0.7000000000000001,I08A|B,0.002
0.7000000000000001,I23Z,0.004
0.7000000000000001,J08A|B|C,0.004
0.7000000000000001,J60A|B|C,0.0
0.7000000000000001,U68Z,0.006
0.7000000000000001,F12A|B,0.0
0.7000000000000001,T64A|B|C,0.002
0.7000000000000001,H08A|B,0.0
0.7000000000000001,D06Z,0.001
0.7000000000000001,I72A|B,0.0
0.7000000000000001,B64A|B,0.001
0.7000000000000001,N62Z,0.014
0.7000000000000001,G65A|B,0.02
0.7000000000000001,N06Z,0.0
0.7000000000000001,F43Z,0.0
0.7000000000000001,R01A|B,0.001
0.7000000000000001,X00X|B,0.041
0.7000000000000001,F76A|B|C,0.002
0.7000000000000001,I69A|B,0.0
0.7000000000000001,D13Z,0.002
0.7000000000000001,U66Z,0.0
0.7000000000000001,U40Z,0.002
0.7000000000000001,K01A|B,0.001
0.7000000000000001,M61A|B,0.001
0.7000000000000001,I32A|B,0.004
0.7000000000000001,J68A|B|C,0.0
0.7000000000000001,L65A|B,0.004
0.7000000000000001,I75A|B,0.0
0.7000000000000001,F11A|B,0.002
0.7000000000000001,L64A|B|C,0.007
0.7000000000000001,J10Z,0.003
0.7000000000000001,M04Z,0.003
0.7000000000000001,R62A|B,0.019
0.7000000000000001,I76A|B,0.0
0.7000000000000001,C62A|B,0.0
0.7000000000000001,I63A|B,0.0
0.7000000000000001,C10Z,0.001
0.7000000000000001,U63A|B,0.008
0.7000000000000001,F62A|B|C,0.01
0.7000000000000001,F13A|B,0.001
0.7000000000000001,I81Z,0.0
0.7000000000000001,F21A|B,0.003
0.7000000000000001,F05A|B,0.001
0.7000000000000001,I24Z,0.004
0.7000000000000001,U65Z,0.003
0.7000000000000001,F66A|B,0.004
0.7000000000000001,D12A|B,0.004
0.7000000000000001,I79A|B,0.0
0.7000000000000001,T01A|B|C,0.0
0.7000000000000001,N11Z,0.001
0.7000000000000001,L41Z,0.02
0.7000000000000001,H64A|B|C,0.0
0.7000000000000001,I30Z,0.003
0.7000000000000001,F08A|B,0.003
0.7000000000000001,B78A|B|C,0.001
0.7000000000000001,R03A|B|C,0.001
0.7000000000000001,I64A|B,0.0
0.7000000000000001,N04A|B,0.0
0.7000000000000001,F41A|B,0.0
0.7000000000000001,B03A|B,0.003
0.7000000000000001,B68A|B,0.002
0.7000000000000001,F68Z,0.011
0.7000000000000001,H63A|B|C,0.0
0.7000000000000001,I20Z,0.003
0.7000000000000001,M62A_B,0.0
0.7000000000000001,F64A|B,0.0
0.7000000000000001,R60A|B|C,0.003
0.7000000000000001,H05A|B,0.0
0.7000000000000001,H62A|B,0.0
0.7000000000000001,B71A|B|C,0.003
0.7000000000000001,E41a|B,0.004
0.7000000000000001,I31A|B,0.004
0.7000000000000001,L40Z,0.022
0.7000000000000001,X00X|A,0.01
0.7000000000000001,K64A|B|C,0.0
0.7000000000000001,F67A|B,0.0
0.7000000000000001,D62A|B,0.0
0.7000000000000001,G03A|B|C,0.001
0.7000000000000001,B04A|B,0.002
0.7000000000000001,J11Z,0.004
0.7000000000000001,J14Z,0.001
0.7000000000000001,K13Z,0.001
0.7000000000000001,F60A|B,0.0
0.7000000000000001,G07A|B,0.003
0.7000000000000001,B76A|B|C,0.003
0.7000000000000001,C16Z,0.003
0.7000000000000001,E63Z,0.001
0.7000000000000001,M40Z,0.001
0.7000000000000001,E64A|B,0.002
0.7000000000000001,G04A|B|C,0.003
0.7000000000000001,B70A|B|C|D,0.002
0.7000000000000001,J63A|B,0.0
0.7000000000000001,F01A|B,0.0
0.7000000000000001,N08Z,0.0
0.7000000000000001,L60A|B|C,0.001
0.7000000000000001,R04A|B,0.0
0.7000000000000001,I27A|B|C,0.003
0.7000000000000001,D15Z,0.003
0.7000000000000001,F09A|B|C,0.0
0.7000000000000001,I17A|B,0.004
0.7000000000000001,F07A|B,0.0
0.7000000000000001,F65A|B,0.0
0.7000000000000001,K11A|B,0.001
0.7000000000000001,R63Z,0.005
0.7000000000000001,G05A|B|C,0.002
0.7000000000000001,L63A|B,0.011
0.7000000000000001,R61A|B|C,0.033
0.7000000000000001,I80Z,0.0
0.7000000000000001,I01A|B,0.004
0.7000000000000001,D66A|B|C,0.0
0.7000000000000001,L66Z,0.022
0.7000000000000001,H61A|B|C,0.0
0.7000000000000001,G47A|B|C,0.003
0.7000000000000001,H06A|B,0.0
0.7000000000000001,B79A|B,0.0
0.7000000000000001,I05A|B,0.002
0.7000000000000001,I67A|B,0.0
0.7000000000000001,I74A|B,0.0
0.7000000000000001,I19A|B,0.004
0.7000000000000001,G60A|B,0.023
0.7000000000000001,I11Z,0.001
0.7000000000000001,D02A|B|C,0.0
0.7000000000000001,U60Z,0.002
0.7000000000000001,G67A|B,0.009
0.7000000000000001,A40A|B,0.0
0.7000000000000001,F42A|B|C,0.0
0.7000000000000001,H02A|B,0.0
0.7000000000000001,K09A|B,0.0
0.7000000000000001,J65A|B|C,0.0
0.7000000000000001,M05Z,0.002
0.7000000000000001,G61A|B,0.024
0.7000000000000001,F40A|B,0.0
0.7000000000000001,E67A|B,0.004
0.7000000000000001,D04Z,0.0
0.7000000000000001,C05Z,0.006
0.7000000000000001,K60A|B|C,0.001
0.7000000000000001,F04A|B,0.0
0.7000000000000001,I12A|B|C,0.004
0.7000000000000001,I15Z,0.002
0.7000000000000001,J67A|B,0.0
0.7000000000000001,F63A|B,0.0
0.7000000000000001,I07Z,0.004
0.7000000000000001,I28A|B,0.002
0.7000000000000001,I60Z,0.0
0.7000000000000001,J64A|B,0.0
0.7000000000000001,I18Z,0.002
0.7000000000000001,M01A|B,0.005
0.7000000000000001,B73Z,0.003
0.7000000000000001,G48A|B|C,0.011
0.7000000000000001,F18A|B,0.0
0.7000000000000001,F75A|B|C,0.0
0.7000000000000001,D11Z,0.003
0.7000000000000001,E42A|B|C,0.004
0.7000000000000001,M60A|B,0.0
0.7000000000000001,L07A|B,0.0
0.7000000000000001,R02A|B|C,0.001
0.7000000000000001,L68Z,0.006
0.7000000000000001,F10A|B,0.0
0.7000000000000001,K61Z,0.001
0.7000000000000001,C15Z,0.004
0.7000000000000001,I68A|B,0.0
0.7000000000000001,D63A|B|C,0.0
0.7000000000000001,I03A|B,0.001
0.7000000000000001,M64Z,0.0
0.7000000000000001,I78A|B,0.0
0.7000000000000001,E01A|B,0.002
0.7000000000000001,B41Z,0.002
0.7000000000000001,L62A|B,0.004
0.7000000000000001,L42Z,0.02
0.7000000000000001,E66A|B|C,0.002
0.7000000000000001,F73A|B|C,0.0
0.7000000000000001,G46A|B|C,0.006
0.7000000000000001,M06A|B,0.014
0.7000000000000001,D61A|B|C,0.0
0.7000000000000001,E74A|B|C,0.002
0.7000000000000001,K12Z,0.001
0.7000000000000001,F03A|B,0.0
0.7000000000000001,G02A|B,0.003
0.7000000000000001,L08A|B,0.001
0.7000000000000001,N60A|B,0.022
0.7000000000000001,B05Z,0.003
0.7000000000000001,B81A|B,0.001
0.7000000000000001,F19A|B,0.0
0.7000000000000001,E61A|B,0.0
0.7000000000000001,L09A|B|C,0.0
0.7000000000000001,I29Z,0.004
0.7000000000000001,I21Z,0.003
0.7000000000000001,J01A|B,0.002
0.7000000000000001,E65A|B,0.004
0.7000000000000001,D65Z,0.0
0.7000000000000001,U64Z,0.008
0.7000000000000001,N61Z,0.004
0.7000000000000001,F02Z,0.0
0.7000000000000001,E73A|B|C,0.003
0.7000000000000001,K63A|B,0.0
0.7000000000000001,F61A|B,0.003
0.7000000000000001,L06A|B,0.0
0.7000000000000001,E70A|B,0.003
0.7000000000000001,L03A|B|C,0.002
0.7000000000000001,N09Z,0.0
0.7000000000000001,N10Z,0.0
0.7000000000000001,F17Z,0.0
0.7000000000000001,G10A|B,0.003
0.7000000000000001,L67A|B|C,0.028
0.7000000000000001,B77Z,0.002
0.7000000000000001,B80A|B,0.003
0.7000000000000001,I02A|B,0.0
0.7000000000000001,J09Z,0.001
0.7000000000000001,D14A|B,0.001
0.7000000000000001,I71A|B,0.0
0.7000000000000001,E62A|B|C,0.004
0.7000000000000001,E68A|B,0.001
0.7000000000000001,I61A|B,0.0
0.7000000000000001,G64A|B,0.006
0.7000000000000001,B72A|B,0.0
0.7000000000000001,E75A|B,0.003
0.7000000000000001,C11Z,0.003
0.7000000000000001,I77A|B,0.0
0.7000000000000001,U67Z,0.011
0.7000000000000001,C60A|B,0.001
0.7000000000000001,K08Z,0.0
0.7000000000000001,H60A|B|C,0.0
0.7000000000000001,E02A|B|C,0.0
0.7000000000000001,G12A|B|C,0.004
0.7000000000000001,F20Z,0.001
0.7000000000000001,G66A|B,0.014
0.7000000000000001,B66A|B|C,0.002
0.7000000000000001,J12A|B|C,0.004
0.7000000000000001,C63A|B,0.001
0.7000000000000001,F72A|B,0.016
0.7000000000000001,K40A|B|C,0.001
0.7000000000000001,I09A|B,0.004
0.7000000000000001,I65A|B,0.0
0.7000000000000001,F14A|B|C,0.001
0.7000000000000001,F69A|B,0.006
0.7000000000000001,N07A|B,0.0
0.7000000000000001,C01Z,0.005
0.7000000000000001,C02Z,0.006
0.7000000000000001,C61A|B,0.001
0.7000000000000001,C12Z,0.005
0.7000000000000001,I04A|B,0.001
0.7000000000000001,F74A|B,0.013
0.7000000000000001,I06Z,0.003
0.7000000000000001,I25A|B,0.003
0.7000000000000001,J06A|B,0.001
0.7000000000000001,G01A|B,0.004
0.7000000000000001,M02A|B,0.015
0.7000000000000001,U62A|B,0.008
0.7000000000000001,F06A|B,0.001
0.7000000000000001,M03Z,0.009
0.7000000000000001,J62A|B,0.0
0.7000000000000001,T60A|B,0.0
0.7000000000000001,B01A|B,0.003
0.7000000000000001,T61A|B,0.001
0.7000000000000001,H01A|B,0.0
0.8,K03Z,0.001
0.8,T62A|B,0.001
0.8,K62A|B|C,0.0
0.8,B67A|B|C,0.003
0.8,B82A|B|C,0.002
0.8,J07A|B,0.004
0.8,H07A|B,0.0
0.8,B06A|B|C,0.001
0.8,B63Z,0.002
0.8,I66A|B,0.0
0.8,E69A|B,0.003
0.8,E40A|B,0.002
0.8,T40Z,0.002
0.8,E71A|B|C,0.004
0.8,C03Z,0.004
0.8,J69A|B|C,0.0
0.8,C14Z,0.004
0.8,U61A|B,0.005
0.8,K05A|B,0.001
0.8,D100Z,0.006
0.8,L61Z,0.025
0.8,B42A|B,0.002
0.8,K02A|B,0.001
0.8,D05Z,0.005
0.8,B02A|B|C,0.002
0.8,D64Z,0.0
0.8,K06A|B,0.0
0.8,C04Z,0.003
0.8,J13A|B,0.004
0.8,G11Z,0.003
0.8,D60A|B|C,0.0
0.8,I16Z,0.003
0.8,L02A|B,0.003
0.8,I10A|B,0.0
0.8,B07A|B,0.0
0.8,T63A|B,0.001
0.8,L05A|B,0.002
0.8,I13A|B|C,0.004
0.8,B69A|B,0.003
0.8,I73A|B,0.0
0.8,G70A|B|C,0.026
0.8,L04A|B|C,0.0
0.8,C13Z,0.004
0.8,E76A|B,0.003
0.8,I08A|B,0.002
0.8,I23Z,0.004
0.8,J08A|B|C,0.004
0.8,J60A|B|C,0.0
0.8,U68Z,0.006
0.8,F12A|B,0.0
0.8,T64A|B|C,0.002
0.8,H08A|B,0.0
0.8,D06Z,0.001
0.8,I72A|B,0.0
0.8,B64A|B,0.001
0.8,N62Z,0.014
0.8,G65A|B,0.02
0.8,N06Z,0.0
0.8,F43Z,0.0
0.8,R01A|B,0.001
0.8,X00X|B,0.041
0.8,F76A|B|C,0.002
0.8,I69A|B,0.0
0.8,D13Z,0.002
0.8,U66Z,0.0
0.8,U40Z,0.002
0.8,K01A|B,0.001
0.8,M61A|B,0.001
0.8,I32A|B,0.004
0.8,J68A|B|C,0.0
0.8,L65A|B,0.004
0.8,I75A|B,0.0
0.8,F11A|B,0.002
0.8,L64A|B|C,0.007
0.8,J10Z,0.003
0.8,M04Z,0.003
0.8,R62A|B,0.019
0.8,I76A|B,0.0
0.8,C62A|B,0.0
0.8,I63A|B,0.0
0.8,C10Z,0.001
0.8,U63A|B,0.008
0.8,F62A|B|C,0.01
0.8,F13A|B,0.001
0.8,I81Z,0.0
0.8,F21A|B,0.003
0.8,F05A|B,0.001
0.8,I24Z,0.004
0.8,U65Z,0.003
0.8,F66A|B,0.004
0.8,D12A|B,0.004
0.8,I79A|B,0.0
0.8,T01A|B|C,0.0
0.8,N11Z,0.001
0.8,L41Z,0.02
0.8,H64A|B|C,0.0
0.8,I30Z,0.003
0.8,F08A|B,0.003
0.8,B78A|B|C,0.001
0.8,R03A|B|C,0.001
0.8,I64A|B,0.0
0.8,N04A|B,0.0
0.8,F41A|B,0.0
0.8,B03A|B,0.003
0.8,B68A|B,0.002
0.8,F68Z,0.011
0.8,H63A|B|C,0.0
0.8,I20Z,0.003
0.8,M62A_B,0.0
0.8,F64A|B,0.0
0.8,R60A|B|C,0.003
0.8,H05A|B,0.0
0.8,H62A|B,0.0
0.8,B71A|B|C,0.003
0.8,E41a|B,0.004
0.8,I31A|B,0.004
0.8,L40Z,0.022
0.8,X00X|A,0.01
0.8,K64A|B|C,0.0
0.8,F67A|B,0.0
0.8,D62A|B,0.0
0.8,G03A|B|C,0.001
0.8,B04A|B,0.002
0.8,J11Z,0.004
0.8,J14Z,0.001
0.8,K13Z,0.001
0.8,F60A|B,0.0
0.8,G07A|B,0.003
0.8,B76A|B|C,0.003
0.8,C16Z,0.003
0.8,E63Z,0.001
0.8,M40Z,0.001
0.8,E64A|B,0.002
0.8,G04A|B|C,0.003
0.8,B70A|B|C|D,0.002
0.8,J63A|B,0.0
0.8,F01A|B,0.0
0.8,N08Z,0.0
0.8,L60A|B|C,0.001
0.8,R04A|B,0.0
0.8,I27A|B|C,0.003
0.8,D15Z,0.003
0.8,F09A|B|C,0.0
0.8,I17A|B,0.004
0.8,F07A|B,0.0
0.8,F65A|B,0.0
0.8,K11A|B,0.001
0.8,R63Z,0.005
0.8,G05A|B|C,0.002
0.8,L63A|B,0.011
0.8,R61A|B|C,0.033
0.8,I80Z,0.0
0.8,I01A|B,0.004
0.8,D66A|B|C,0.0
0.8,L66Z,0.022
0.8,H61A|B|C,0.0
0.8,G47A|B|C,0.003
0.8,H06A|B,0.0
0.8,B79A|B,0.0
0.8,I05A|B,0.002
0.8,I67A|B,0.0
0.8,I74A|B,0.0
0.8,I19A|B,0.004
0.8,G60A|B,0.023
0.8,I11Z,0.001
0.8,D02A|B|C,0.0
0.8,U60Z,0.002
0.8,G67A|B,0.009
0.8,A40A|B,0.0
0.8,F42A|B|C,0.0
0.8,H02A|B,0.0
0.8,K09A|B,0.0
0.8,J65A|B|C,0.0
0.8,M05Z,0.002
0.8,G61A|B,0.024
0.8,F40A|B,0.0
0.8,E67A|B,0.004
0.8,D04Z,0.0
0.8,C05Z,0.006
0.8,K60A|B|C,0.001
0.8,F04A|B,0.0
0.8,I12A|B|C,0.004
0.8,I15Z,0.002
0.8,J67A|B,0.0
0.8,F63A|B,0.0
0.8,I07Z,0.004
0.8,I28A|B,0.002
0.8,I60Z,0.0
0.8,J64A|B,0.0
0.8,I18Z,0.002
0.8,M01A|B,0.005
0.8,B73Z,0.003
0.8,G48A|B|C,0.011
0.8,F18A|B,0.0
0.8,F75A|B|C,0.0
0.8,D11Z,0.003
0.8,E42A|B|C,0.004
0.8,M60A|B,0.0
0.8,L07A|B,0.0
0.8,R02A|B|C,0.001
0.8,L68Z,0.006
0.8,F10A|B,0.0
0.8,K61Z,0.001
0.8,C15Z,0.004
0.8,I68A|B,0.0
0.8,D63A|B|C,0.0
0.8,I03A|B,0.001
0.8,M64Z,0.0
0.8,I78A|B,0.0
0.8,E01A|B,0.002
0.8,B41Z,0.002
0.8,L62A|B,0.004
0.8,L42Z,0.02
0.8,E66A|B|C,0.002
0.8,F73A|B|C,0.0
0.8,G46A|B|C,0.006
0.8,M06A|B,0.014
0.8,D61A|B|C,0.0
0.8,E74A|B|C,0.002
0.8,K12Z,0.001
0.8,F03A|B,0.0
0.8,G02A|B,0.003
0.8,L08A|B,0.001
0.8,N60A|B,0.022
0.8,B05Z,0.003
0.8,B81A|B,0.001
0.8,F19A|B,0.0
0.8,E61A|B,0.0
0.8,L09A|B|C,0.0
0.8,I29Z,0.004
0.8,I21Z,0.003
0.8,J01A|B,0.002
0.8,E65A|B,0.004
0.8,D65Z,0.0
0.8,U64Z,0.008
0.8,N61Z,0.004
0.8,F02Z,0.0
0.8,E73A|B|C,0.003
0.8,K63A|B,0.0
0.8,F61A|B,0.003
0.8,L06A|B,0.0
0.8,E70A|B,0.003
0.8,L03A|B|C,0.002
0.8,N09Z,0.0
0.8,N10Z,0.0
0.8,F17Z,0.0
0.8,G10A|B,0.003
0.8,L67A|B|C,0.028
0.8,B77Z,0.002
0.8,B80A|B,0.003
0.8,I02A|B,0.0
0.8,J09Z,0.001
0.8,D14A|B,0.001
0.8,I71A|B,0.0
0.8,E62A|B|C,0.004
0.8,E68A|B,0.001
0.8,I61A|B,0.0
0.8,G64A|B,0.006
0.8,B72A|B,0.0
0.8,E75A|B,0.003
0.8,C11Z,0.003
0.8,I77A|B,0.0
0.8,U67Z,0.011
0.8,C60A|B,0.001
0.8,K08Z,0.0
0.8,H60A|B|C,0.0
0.8,E02A|B|C,0.0
0.8,G12A|B|C,0.004
0.8,F20Z,0.001
0.8,G66A|B,0.014
0.8,B66A|B|C,0.002
0.8,J12A|B|C,0.004
0.8,C63A|B,0.001
0.8,F72A|B,0.016
0.8,K40A|B|C,0.001
0.8,I09A|B,0.004
0.8,I65A|B,0.0
0.8,F14A|B|C,0.001
0.8,F69A|B,0.006
0.8,N07A|B,0.0
0.8,C01Z,0.005
0.8,C02Z,0.006
0.8,C61A|B,0.001
0.8,C12Z,0.005
0.8,I04A|B,0.001
0.8,F74A|B,0.013
0.8,I06Z,0.003
0.8,I25A|B,0.003
0.8,J06A|B,0.001
0.8,G01A|B,0.004
0.8,M02A|B,0.015
0.8,U62A|B,0.008
0.8,F06A|B,0.001
0.8,M03Z,0.009
0.8,J62A|B,0.0
0.8,T60A|B,0.0
0.8,B01A|B,0.003
0.8,T61A|B,0.001
0.8,H01A|B,0.0
0.9,K03Z,0.001
0.9,T62A|B,0.001
0.9,K62A|B|C,0.0
0.9,B67A|B|C,0.003
0.9,B82A|B|C,0.002
0.9,J07A|B,0.004
0.9,H07A|B,0.0
0.9,B06A|B|C,0.001
0.9,B63Z,0.002
0.9,I66A|B,0.0
0.9,E69A|B,0.003
0.9,E40A|B,0.002
0.9,T40Z,0.002
0.9,E71A|B|C,0.004
0.9,C03Z,0.004
0.9,J69A|B|C,0.0
0.9,C14Z,0.004
0.9,U61A|B,0.005
0.9,K05A|B,0.001
0.9,D100Z,0.006
0.9,L61Z,0.025
0.9,B42A|B,0.002
0.9,K02A|B,0.001
0.9,D05Z,0.005
0.9,B02A|B|C,0.002
0.9,D64Z,0.0
0.9,K06A|B,0.0
0.9,C04Z,0.003
0.9,J13A|B,0.004
0.9,G11Z,0.003
0.9,D60A|B|C,0.0
0.9,I16Z,0.003
0.9,L02A|B,0.003
0.9,I10A|B,0.0
0.9,B07A|B,0.0
0.9,T63A|B,0.001
0.9,L05A|B,0.002
0.9,I13A|B|C,0.004
0.9,B69A|B,0.003
0.9,I73A|B,0.0
0.9,G70A|B|C,0.026
0.9,L04A|B|C,0.0
0.9,C13Z,0.004
0.9,E76A|B,0.003
0.9,I08A|B,0.002
0.9,I23Z,0.004
0.9,J08A|B|C,0.004
0.9,J60A|B|C,0.0
0.9,U68Z,0.006
0.9,F12A|B,0.0
0.9,T64A|B|C,0.002
0.9,H08A|B,0.0
0.9,D06Z,0.001
0.9,I72A|B,0.0
0.9,B64A|B,0.001
0.9,N62Z,0.014
0.9,G65A|B,0.02
0.9,N06Z,0.0
0.9,F43Z,0.0
0.9,R01A|B,0.001
0.9,X00X|B,0.041
0.9,F76A|B|C,0.002
0.9,I69A|B,0.0
0.9,D13Z,0.002
0.9,U66Z,0.0
0.9,U40Z,0.002
0.9,K01A|B,0.001
0.9,M61A|B,0.001
0.9,I32A|B,0.004
0.9,J68A|B|C,0.0
0.9,L65A|B,0.004
0.9,I75A|B,0.0
0.9,F11A|B,0.002
0.9,L64A|B|C,0.007
0.9,J10Z,0.003
0.9,M04Z,0.003
0.9,R62A|B,0.019
0.9,I76A|B,0.0
0.9,C62A|B,0.0
0.9,I63A|B,0.0
0.9,C10Z,0.001
0.9,U63A|B,0.008
0.9,F62A|B|C,0.01
0.9,F13A|B,0.001
0.9,I81Z,0.0
0.9,F21A|B,0.003
0.9,F05A|B,0.001
0.9,I24Z,0.004
0.9,U65Z,0.003
0.9,F66A|B,0.004
0.9,D12A|B,0.004
0.9,I79A|B,0.0
0.9,T01A|B|C,0.0
0.9,N11Z,0.001
0.9,L41Z,0.02
0.9,H64A|B|C,0.0
0.9,I30Z,0.003
0.9,F08A|B,0.003
0.9,B78A|B|C,0.001
0.9,R03A|B|C,0.001
0.9,I64A|B,0.0
0.9,N04A|B,0.0
0.9,F41A|B,0.0
0.9,B03A|B,0.003
0.9,B68A|B,0.002
0.9,F68Z,0.011
0.9,H63A|B|C,0.0
0.9,I20Z,0.003
0.9,M62A_B,0.0
0.9,F64A|B,0.0
0.9,R60A|B|C,0.003
0.9,H05A|B,0.0
0.9,H62A|B,0.0
0.9,B71A|B|C,0.003
0.9,E41a|B,0.004
0.9,I31A|B,0.004
0.9,L40Z,0.022
0.9,X00X|A,0.01
0.9,K64A|B|C,0.0
0.9,F67A|B,0.0
0.9,D62A|B,0.0
0.9,G03A|B|C,0.001
0.9,B04A|B,0.002
0.9,J11Z,0.004
0.9,J14Z,0.001
0.9,K13Z,0.001
0.9,F60A|B,0.0
0.9,G07A|B,0.003
0.9,B76A|B|C,0.003
0.9,C16Z,0.003
0.9,E63Z,0.001
0.9,M40Z,0.001
0.9,E64A|B,0.002
0.9,G04A|B|C,0.003
0.9,B70A|B|C|D,0.002
0.9,J63A|B,0.0
0.9,F01A|B,0.0
0.9,N08Z,0.0
0.9,L60A|B|C,0.001
0.9,R04A|B,0.0
0.9,I27A|B|C,0.003
0.9,D15Z,0.003
0.9,F09A|B|C,0.0
0.9,I17A|B,0.004
0.9,F07A|B,0.0
0.9,F65A|B,0.0
0.9,K11A|B,0.001
0.9,R63Z,0.005
0.9,G05A|B|C,0.002
0.9,L63A|B,0.011
0.9,R61A|B|C,0.033
0.9,I80Z,0.0
0.9,I01A|B,0.004
0.9,D66A|B|C,0.0
0.9,L66Z,0.022
0.9,H61A|B|C,0.0
0.9,G47A|B|C,0.003
0.9,H06A|B,0.0
0.9,B79A|B,0.0
0.9,I05A|B,0.002
0.9,I67A|B,0.0
0.9,I74A|B,0.0
0.9,I19A|B,0.004
0.9,G60A|B,0.023
0.9,I11Z,0.001
0.9,D02A|B|C,0.0
0.9,U60Z,0.002
0.9,G67A|B,0.009
0.9,A40A|B,0.0
0.9,F42A|B|C,0.0
0.9,H02A|B,0.0
0.9,K09A|B,0.0
0.9,J65A|B|C,0.0
0.9,M05Z,0.002
0.9,G61A|B,0.024
0.9,F40A|B,0.0
0.9,E67A|B,0.004
0.9,D04Z,0.0
0.9,C05Z,0.006
0.9,K60A|B|C,0.001
0.9,F04A|B,0.0
0.9,I12A|B|C,0.004
0.9,I15Z,0.002
0.9,J67A|B,0.0
0.9,F63A|B,0.0
0.9,I07Z,0.004
0.9,I28A|B,0.002
0.9,I60Z,0.0
0.9,J64A|B,0.0
0.9,I18Z,0.002
0.9,M01A|B,0.005
0.9,B73Z,0.003
0.9,G48A|B|C,0.011
0.9,F18A|B,0.0
0.9,F75A|B|C,0.0
0.9,D11Z,0.003
0.9,E42A|B|C,0.004
0.9,M60A|B,0.0
0.9,L07A|B,0.0
0.9,R02A|B|C,0.001
0.9,L68Z,0.006
0.9,F10A|B,0.0
0.9,K61Z,0.001
0.9,C15Z,0.004
0.9,I68A|B,0.0
0.9,D63A|B|C,0.0
0.9,I03A|B,0.001
0.9,M64Z,0.0
0.9,I78A|B,0.0
0.9,E01A|B,0.002
0.9,B41Z,0.002
0.9,L62A|B,0.004
0.9,L42Z,0.02
0.9,E66A|B|C,0.002
0.9,F73A|B|C,0.0
0.9,G46A|B|C,0.006
0.9,M06A|B,0.014
0.9,D61A|B|C,0.0
0.9,E74A|B|C,0.002
0.9,K12Z,0.001
0.9,F03A|B,0.0
0.9,G02A|B,0.003
0.9,L08A|B,0.001
0.9,N60A|B,0.022
0.9,B05Z,0.003
0.9,B81A|B,0.001
0.9,F19A|B,0.0
0.9,E61A|B,0.0
0.9,L09A|B|C,0.0
0.9,I29Z,0.004
0.9,I21Z,0.003
0.9,J01A|B,0.002
0.9,E65A|B,0.004
0.9,D65Z,0.0
0.9,U64Z,0.008
0.9,N61Z,0.004
0.9,F02Z,0.0
0.9,E73A|B|C,0.003
0.9,K63A|B,0.0
0.9,F61A|B,0.003
0.9,L06A|B,0.0
0.9,E70A|B,0.003
0.9,L03A|B|C,0.002
0.9,N09Z,0.0
0.9,N10Z,0.0
0.9,F17Z,0.0
0.9,G10A|B,0.003
0.9,L67A|B|C,0.028
0.9,B77Z,0.002
0.9,B80A|B,0.003
0.9,I02A|B,0.0
0.9,J09Z,0.001
0.9,D14A|B,0.001
0.9,I71A|B,0.0
0.9,E62A|B|C,0.004
0.9,E68A|B,0.001
0.9,I61A|B,0.0
0.9,G64A|B,0.006
0.9,B72A|B,0.0
0.9,E75A|B,0.003
0.9,C11Z,0.003
0.9,I77A|B,0.0
0.9,U67Z,0.011
0.9,C60A|B,0.001
0.9,K08Z,0.0
0.9,H60A|B|C,0.0
0.9,E02A|B|C,0.0
0.9,G12A|B|C,0.004
0.9,F20Z,0.001
0.9,G66A|B,0.014
0.9,B66A|B|C,0.002
0.9,J12A|B|C,0.004
0.9,C63A|B,0.001
0.9,F72A|B,0.016
0.9,K40A|B|C,0.001
0.9,I09A|B,0.004
0.9,I65A|B,0.0
0.9,F14A|B|C,0.001
0.9,F69A|B,0.006
0.9,N07A|B,0.0
0.9,C01Z,0.005
0.9,C02Z,0.006
0.9,C61A|B,0.001
0.9,C12Z,0.005
0.9,I04A|B,0.001
0.9,F74A|B,0.013
0.9,I06Z,0.003
0.9,I25A|B,0.003
0.9,J06A|B,0.001
0.9,G01A|B,0.004
0.9,M02A|B,0.015
0.9,U62A|B,0.008
0.9,F06A|B,0.001
0.9,M03Z,0.009
0.9,J62A|B,0.0
0.9,T60A|B,0.0
0.9,B01A|B,0.003
0.9,T61A|B,0.001
0.9,H01A|B,0.0
1.0,K03Z,0.001
1.0,T62A|B,0.001
1.0,K62A|B|C,0.0
1.0,B67A|B|C,0.003
1.0,B82A|B|C,0.002
1.0,J07A|B,0.004
1.0,H07A|B,0.0
1.0,B06A|B|C,0.001
1.0,B63Z,0.002
1.0,I66A|B,0.0
1.0,E69A|B,0.003
1.0,E40A|B,0.002
1.0,T40Z,0.002
1.0,E71A|B|C,0.004
1.0,C03Z,0.004
1.0,J69A|B|C,0.0
1.0,C14Z,0.004
1.0,U61A|B,0.005
1.0,K05A|B,0.001
1.0,D100Z,0.006
1.0,L61Z,0.025
1.0,B42A|B,0.002
1.0,K02A|B,0.001
1.0,D05Z,0.005
1.0,B02A|B|C,0.002
1.0,D64Z,0.0
1.0,K06A|B,0.0
1.0,C04Z,0.003
1.0,J13A|B,0.004
1.0,G11Z,0.003
1.0,D60A|B|C,0.0
1.0,I16Z,0.003
1.0,L02A|B,0.003
1.0,I10A|B,0.0
1.0,B07A|B,0.0
1.0,T63A|B,0.001
1.0,L05A|B,0.002
1.0,I13A|B|C,0.004
1.0,B69A|B,0.003
1.0,I73A|B,0.0
1.0,G70A|B|C,0.026
1.0,L04A|B|C,0.0
1.0,C13Z,0.004
1.0,E76A|B,0.003
1.0,I08A|B,0.002
1.0,I23Z,0.004
1.0,J08A|B|C,0.004
1.0,J60A|B|C,0.0
1.0,U68Z,0.006
1.0,F12A|B,0.0
1.0,T64A|B|C,0.002
1.0,H08A|B,0.0
1.0,D06Z,0.001
1.0,I72A|B,0.0
1.0,B64A|B,0.001
1.0,N62Z,0.014
1.0,G65A|B,0.02
1.0,N06Z,0.0
1.0,F43Z,0.0
1.0,R01A|B,0.001
1.0,X00X|B,0.041
1.0,F76A|B|C,0.002
1.0,I69A|B,0.0
1.0,D13Z,0.002
1.0,U66Z,0.0
1.0,U40Z,0.002
1.0,K01A|B,0.001
1.0,M61A|B,0.001
1.0,I32A|B,0.004
1.0,J68A|B|C,0.0
1.0,L65A|B,0.004
1.0,I75A|B,0.0
1.0,F11A|B,0.002
1.0,L64A|B|C,0.007
1.0,J10Z,0.003
1.0,M04Z,0.003
1.0,R62A|B,0.019
1.0,I76A|B,0.0
1.0,C62A|B,0.0
1.0,I63A|B,0.0
1.0,C10Z,0.001
1.0,U63A|B,0.008
1.0,F62A|B|C,0.01
1.0,F13A|B,0.001
1.0,I81Z,0.0
1.0,F21A|B,0.003
1.0,F05A|B,0.001
1.0,I24Z,0.004
1.0,U65Z,0.003
1.0,F66A|B,0.004
1.0,D12A|B,0.004
1.0,I79A|B,0.0
1.0,T01A|B|C,0.0
1.0,N11Z,0.001
1.0,L41Z,0.02
1.0,H64A|B|C,0.0
1.0,I30Z,0.003
1.0,F08A|B,0.003
1.0,B78A|B|C,0.001
1.0,R03A|B|C,0.001
1.0,I64A|B,0.0
1.0,N04A|B,0.0
1.0,F41A|B,0.0
1.0,B03A|B,0.003
1.0,B68A|B,0.002
1.0,F68Z,0.011
1.0,H63A|B|C,0.0
1.0,I20Z,0.003
1.0,M62A_B,0.0
1.0,F64A|B,0.0
1.0,R60A|B|C,0.003
1.0,H05A|B,0.0
1.0,H62A|B,0.0
1.0,B71A|B|C,0.003
1.0,E41a|B,0.004
1.0,I31A|B,0.004
1.0,L40Z,0.022
1.0,X00X|A,0.01
1.0,K64A|B|C,0.0
1.0,F67A|B,0.0
1.0,D62A|B,0.0
1.0,G03A|B|C,0.001
1.0,B04A|B,0.002
1.0,J11Z,0.004
1.0,J14Z,0.001
1.0,K13Z,0.001
1.0,F60A|B,0.0
1.0,G07A|B,0.003
1.0,B76A|B|C,0.003
1.0,C16Z,0.003
1.0,E63Z,0.001
1.0,M40Z,0.001
1.0,E64A|B,0.002
1.0,G04A|B|C,0.003
1.0,B70A|B|C|D,0.002
1.0,J63A|B,0.0
1.0,F01A|B,0.0
1.0,N08Z,0.0
1.0,L60A|B|C,0.001
1.0,R04A|B,0.0
1.0,I27A|B|C,0.003
1.0,D15Z,0.003
1.0,F09A|B|C,0.0
1.0,I17A|B,0.004
1.0,F07A|B,0.0
1.0,F65A|B,0.0
1.0,K11A|B,0.001
1.0,R63Z,0.005
1.0,G05A|B|C,0.002
1.0,L63A|B,0.011
1.0,R61A|B|C,0.033
1.0,I80Z,0.0
1.0,I01A|B,0.004
1.0,D66A|B|C,0.0
1.0,L66Z,0.022
1.0,H61A|B|C,0.0
1.0,G47A|B|C,0.003
1.0,H06A|B,0.0
1.0,B79A|B,0.0
1.0,I05A|B,0.002
1.0,I67A|B,0.0
1.0,I74A|B,0.0
1.0,I19A|B,0.004
1.0,G60A|B,0.023
1.0,I11Z,0.001
1.0,D02A|B|C,0.0
1.0,U60Z,0.002
1.0,G67A|B,0.009
1.0,A40A|B,0.0
1.0,F42A|B|C,0.0
1.0,H02A|B,0.0
1.0,K09A|B,0.0
1.0,J65A|B|C,0.0
1.0,M05Z,0.002
1.0,G61A|B,0.024
1.0,F40A|B,0.0
1.0,E67A|B,0.004
1.0,D04Z,0.0
1.0,C05Z,0.006
1.0,K60A|B|C,0.001
1.0,F04A|B,0.0
1.0,I12A|B|C,0.004
1.0,I15Z,0.002
1.0,J67A|B,0.0
1.0,F63A|B,0.0
1.0,I07Z,0.004
1.0,I28A|B,0.002
1.0,I60Z,0.0
1.0,J64A|B,0.0
1.0,I18Z,0.002
1.0,M01A|B,0.005
1.0,B73Z,0.003
1.0,G48A|B|C,0.011
1.0,F18A|B,0.0
1.0,F75A|B|C,0.0
1.0,D11Z,0.003
1.0,E42A|B|C,0.004
1.0,M60A|B,0.0
1.0,L07A|B,0.0
1.0,R02A|B|C,0.001
1.0,L68Z,0.006
1.0,F10A|B,0.0
1.0,K61Z,0.001
1.0,C15Z,0.004
1.0,I68A|B,0.0
1.0,D63A|B|C,0.0
1.0,I03A|B,0.001
1.0,M64Z,0.0
1.0,I78A|B,0.0
1.0,E01A|B,0.002
1.0,B41Z,0.002
1.0,L62A|B,0.004
1.0,L42Z,0.02
1.0,E66A|B|C,0.002
1.0,F73A|B|C,0.0
1.0,G46A|B|C,0.006
1.0,M06A|B,0.014
1.0,D61A|B|C,0.0
1.0,E74A|B|C,0.002
1.0,K12Z,0.001
1.0,F03A|B,0.0
1.0,G02A|B,0.003
1.0,L08A|B,0.001
1.0,N60A|B,0.022
1.0,B05Z,0.003
1.0,B81A|B,0.001
1.0,F19A|B,0.0
1.0,E61A|B,0.0
1.0,L09A|B|C,0.0
1.0,I29Z,0.004
1.0,I21Z,0.003
1.0,J01A|B,0.002
1.0,E65A|B,0.004
1.0,D65Z,0.0
1.0,U64Z,0.008
1.0,N61Z,0.004
1.0,F02Z,0.0
1.0,E73A|B|C,0.003
1.0,K63A|B,0.0
1.0,F61A|B,0.003
1.0,L06A|B,0.0
1.0,E70A|B,0.003
1.0,L03A|B|C,0.002
1.0,N09Z,0.0
1.0,N10Z,0.0
1.0,F17Z,0.0
1.0,G10A|B,0.003
1.0,L67A|B|C,0.028
1.0,B77Z,0.002
1.0,B80A|B,0.003
1.0,I02A|B,0.0
1.0,J09Z,0.001
1.0,D14A|B,0.001
1.0,I71A|B,0.0
1.0,E62A|B|C,0.004
1.0,E68A|B,0.001
1.0,I61A|B,0.0
1.0,G64A|B,0.006
1.0,B72A|B,0.0
1.0,E75A|B,0.003
1.0,C11Z,0.003
1.0,I77A|B,0.0
1.0,U67Z,0.011
1.0,C60A|B,0.001
1.0,K08Z,0.0
1.0,H60A|B|C,0.0
1.0,E02A|B|C,0.0
1.0,G12A|B|C,0.004
1.0,F20Z,0.001
1.0,G66A|B,0.014
1.0,B66A|B|C,0.002
1.0,J12A|B|C,0.004
1.0,C63A|B,0.001
1.0,F72A|B,0.016
1.0,K40A|B|C,0.001
1.0,I09A|B,0.004
1.0,I65A|B,0.0
1.0,F14A|B|C,0.001
1.0,F69A|B,0.006
1.0,N07A|B,0.0
1.0,C01Z,0.005
1.0,C02Z,0.006
1.0,C61A|B,0.001
1.0,C12Z,0.005
1.0,I04A|B,0.001
1.0,F74A|B,0.013
1.0,I06Z,0.003
1.0,I25A|B,0.003
1.0,J06A|B,0.001
1.0,G01A|B,0.004
1.0,M02A|B,0.015
1.0,U62A|B,0.008
1.0,F06A|B,0.001
1.0,M03Z,0.009
1.0,J62A|B,0.0
1.0,T60A|B,0.0
1.0,B01A|B,0.003
1.0,T61A|B,0.001
1.0,H01A|B,0.0
