dep_code,p_transf,p_orth,resources_mult,resource,usage
42,0.0,0,1,CHIR/ORTHO,0.507
42,0.0,0,1,ANES,0.507
42,0.0,0,1,KINE_MCO,0.509
42,0.0,0,1,DAY_HC,0.091
42,0.0,0,1,KINE_DOM,1.0
42,0.0,0,1,KINE_SSR,0.033
42,0.0,0,1,finance,0.382
42,0.0,0,1,CSC,0.467
42,0.0,0,1,DERMA,0.572
42,0.0,0,1,ENDO,0.375
42,0.0,0,1,GASTRO,0.499
42,0.0,0,1,GYNECO,0.389
42,0.0,0,1,OPH,0.539
42,0.0,0,1,ORL,0.25
42,0.0,0,1,RHUMA,0.533
42,0.0,0,1,URO,0.309
42,0.1,0,1,CHIR/ORTHO,0.695
42,0.1,0,1,ANES,0.694
42,0.1,0,1,KINE_MCO,0.733
42,0.1,0,1,DAY_HC,0.365
42,0.1,0,1,KINE_DOM,1.0
42,0.1,0,1,KINE_SSR,1.0
42,0.1,0,1,finance,0.577
42,0.1,0,1,CSC,1.0
42,0.1,0,1,DERMA,1.0
42,0.1,0,1,ENDO,1.0
42,0.1,0,1,GASTRO,1.0
42,0.1,0,1,GYNECO,0.918
42,0.1,0,1,OPH,1.0
42,0.1,0,1,ORL,0.833
42,0.1,0,1,RHUMA,1.0
42,0.1,0,1,URO,0.882
42,0.2,0,1,CHIR/ORTHO,0.879
42,0.2,0,1,ANES,0.878
42,0.2,0,1,KINE_MCO,0.947
42,0.2,0,1,DAY_HC,0.688
42,0.2,0,1,KINE_DOM,1.0
42,0.2,0,1,KINE_SSR,1.0
42,0.2,0,1,finance,0.796
42,0.2,0,1,CSC,1.0
42,0.2,0,1,DERMA,1.0
42,0.2,0,1,ENDO,1.0
42,0.2,0,1,GASTRO,1.0
42,0.2,0,1,GYNECO,0.918
42,0.2,0,1,OPH,1.0
42,0.2,0,1,ORL,0.833
42,0.2,0,1,RHUMA,1.0
42,0.2,0,1,URO,0.882
42,0.3,0,1,CHIR/ORTHO,0.996
42,0.3,0,1,ANES,0.995
42,0.3,0,1,KINE_MCO,1.0
42,0.3,0,1,DAY_HC,1.0
42,0.3,0,1,KINE_DOM,1.0
42,0.3,0,1,KINE_SSR,1.0
42,0.3,0,1,finance,0.991
42,0.3,0,1,CSC,1.0
42,0.3,0,1,DERMA,1.0
42,0.3,0,1,ENDO,1.0
42,0.3,0,1,GASTRO,1.0
42,0.3,0,1,GYNECO,1.0
42,0.3,0,1,OPH,1.0
42,0.3,0,1,ORL,1.0
42,0.3,0,1,RHUMA,1.0
42,0.3,0,1,URO,1.0
42,0.4,0,1,CHIR/ORTHO,0.996
42,0.4,0,1,ANES,0.995
42,0.4,0,1,KINE_MCO,1.0
42,0.4,0,1,DAY_HC,1.0
42,0.4,0,1,KINE_DOM,1.0
42,0.4,0,1,KINE_SSR,1.0
42,0.4,0,1,finance,0.991
42,0.4,0,1,CSC,1.0
42,0.4,0,1,DERMA,1.0
42,0.4,0,1,ENDO,1.0
42,0.4,0,1,GASTRO,1.0
42,0.4,0,1,GYNECO,1.0
42,0.4,0,1,OPH,1.0
42,0.4,0,1,ORL,1.0
42,0.4,0,1,RHUMA,1.0
42,0.4,0,1,URO,1.0
42,0.5,0,1,CHIR/ORTHO,0.996
42,0.5,0,1,ANES,0.995
42,0.5,0,1,KINE_MCO,1.0
42,0.5,0,1,DAY_HC,1.0
42,0.5,0,1,KINE_DOM,1.0
42,0.5,0,1,KINE_SSR,1.0
42,0.5,0,1,finance,0.991
42,0.5,0,1,CSC,1.0
42,0.5,0,1,DERMA,1.0
42,0.5,0,1,ENDO,1.0
42,0.5,0,1,GASTRO,1.0
42,0.5,0,1,GYNECO,1.0
42,0.5,0,1,OPH,1.0
42,0.5,0,1,ORL,1.0
42,0.5,0,1,RHUMA,1.0
42,0.5,0,1,URO,1.0
42,0.6,0,1,CHIR/ORTHO,0.996
42,0.6,0,1,ANES,0.995
42,0.6,0,1,KINE_MCO,1.0
42,0.6,0,1,DAY_HC,1.0
42,0.6,0,1,KINE_DOM,1.0
42,0.6,0,1,KINE_SSR,1.0
42,0.6,0,1,finance,0.991
42,0.6,0,1,CSC,1.0
42,0.6,0,1,DERMA,1.0
42,0.6,0,1,ENDO,1.0
42,0.6,0,1,GASTRO,1.0
42,0.6,0,1,GYNECO,1.0
42,0.6,0,1,OPH,1.0
42,0.6,0,1,ORL,1.0
42,0.6,0,1,RHUMA,1.0
42,0.6,0,1,URO,1.0
42,0.7,0,1,CHIR/ORTHO,0.996
42,0.7,0,1,ANES,0.995
42,0.7,0,1,KINE_MCO,1.0
42,0.7,0,1,DAY_HC,1.0
42,0.7,0,1,KINE_DOM,1.0
42,0.7,0,1,KINE_SSR,1.0
42,0.7,0,1,finance,0.991
42,0.7,0,1,CSC,1.0
42,0.7,0,1,DERMA,1.0
42,0.7,0,1,ENDO,1.0
42,0.7,0,1,GASTRO,1.0
42,0.7,0,1,GYNECO,1.0
42,0.7,0,1,OPH,1.0
42,0.7,0,1,ORL,1.0
42,0.7,0,1,RHUMA,1.0
42,0.7,0,1,URO,1.0
42,0.8,0,1,CHIR/ORTHO,0.996
42,0.8,0,1,ANES,0.995
42,0.8,0,1,KINE_MCO,1.0
42,0.8,0,1,DAY_HC,1.0
42,0.8,0,1,KINE_DOM,1.0
42,0.8,0,1,KINE_SSR,1.0
42,0.8,0,1,finance,0.991
42,0.8,0,1,CSC,1.0
42,0.8,0,1,DERMA,1.0
42,0.8,0,1,ENDO,1.0
42,0.8,0,1,GASTRO,1.0
42,0.8,0,1,GYNECO,1.0
42,0.8,0,1,OPH,1.0
42,0.8,0,1,ORL,1.0
42,0.8,0,1,RHUMA,1.0
42,0.8,0,1,URO,1.0
42,0.9,0,1,CHIR/ORTHO,0.996
42,0.9,0,1,ANES,0.995
42,0.9,0,1,KINE_MCO,1.0
42,0.9,0,1,DAY_HC,1.0
42,0.9,0,1,KINE_DOM,1.0
42,0.9,0,1,KINE_SSR,1.0
42,0.9,0,1,finance,0.991
42,0.9,0,1,CSC,1.0
42,0.9,0,1,DERMA,1.0
42,0.9,0,1,ENDO,1.0
42,0.9,0,1,GASTRO,1.0
42,0.9,0,1,GYNECO,1.0
42,0.9,0,1,OPH,1.0
42,0.9,0,1,ORL,1.0
42,0.9,0,1,RHUMA,1.0
42,0.9,0,1,URO,1.0
42,1.0,0,1,CHIR/ORTHO,0.996
42,1.0,0,1,ANES,0.995
42,1.0,0,1,KINE_MCO,1.0
42,1.0,0,1,DAY_HC,1.0
42,1.0,0,1,KINE_DOM,1.0
42,1.0,0,1,KINE_SSR,1.0
42,1.0,0,1,finance,0.991
42,1.0,0,1,CSC,1.0
42,1.0,0,1,DERMA,1.0
42,1.0,0,1,ENDO,1.0
42,1.0,0,1,GASTRO,1.0
42,1.0,0,1,GYNECO,1.0
42,1.0,0,1,OPH,1.0
42,1.0,0,1,ORL,1.0
42,1.0,0,1,RHUMA,1.0
42,1.0,0,1,URO,1.0
42,0.0,0.04,1,CHIR/ORTHO,0.511
42,0.0,0.04,1,ANES,0.511
42,0.0,0.04,1,KINE_MCO,0.517
42,0.0,0.04,1,DAY_HC,0.126
42,0.0,0.04,1,KINE_DOM,1.0
42,0.0,0.04,1,KINE_SSR,0.069
42,0.0,0.04,1,finance,0.394
42,0.0,0.04,1,CSC,0.581
42,0.0,0.04,1,DERMA,0.683
42,0.0,0.04,1,ENDO,0.566
42,0.0,0.04,1,GASTRO,0.595
42,0.0,0.04,1,GYNECO,0.456
42,0.0,0.04,1,OPH,0.601
42,0.0,0.04,1,ORL,0.269
42,0.0,0.04,1,RHUMA,0.616
42,0.0,0.04,1,URO,0.316
42,0.1,0.04,1,CHIR/ORTHO,0.707
42,0.1,0.04,1,ANES,0.706
42,0.1,0.04,1,KINE_MCO,0.75
42,0.1,0.04,1,DAY_HC,0.417
42,0.1,0.04,1,KINE_DOM,1.0
42,0.1,0.04,1,KINE_SSR,1.0
42,0.1,0.04,1,finance,0.599
42,0.1,0.04,1,CSC,1.0
42,0.1,0.04,1,DERMA,1.0
42,0.1,0.04,1,ENDO,1.0
42,0.1,0.04,1,GASTRO,1.0
42,0.1,0.04,1,GYNECO,0.92
42,0.1,0.04,1,OPH,1.0
42,0.1,0.04,1,ORL,0.833
42,0.1,0.04,1,RHUMA,1.0
42,0.1,0.04,1,URO,0.886
42,0.2,0.04,1,CHIR/ORTHO,0.89
42,0.2,0.04,1,ANES,0.89
42,0.2,0.04,1,KINE_MCO,0.957
42,0.2,0.04,1,DAY_HC,0.745
42,0.2,0.04,1,KINE_DOM,1.0
42,0.2,0.04,1,KINE_SSR,1.0
42,0.2,0.04,1,finance,0.822
42,0.2,0.04,1,CSC,1.0
42,0.2,0.04,1,DERMA,1.0
42,0.2,0.04,1,ENDO,1.0
42,0.2,0.04,1,GASTRO,1.0
42,0.2,0.04,1,GYNECO,0.92
42,0.2,0.04,1,OPH,1.0
42,0.2,0.04,1,ORL,0.833
42,0.2,0.04,1,RHUMA,1.0
42,0.2,0.04,1,URO,0.886
42,0.3,0.04,1,CHIR/ORTHO,0.985
42,0.3,0.04,1,ANES,0.985
42,0.3,0.04,1,KINE_MCO,1.0
42,0.3,0.04,1,DAY_HC,1.0
42,0.3,0.04,1,KINE_DOM,1.0
42,0.3,0.04,1,KINE_SSR,1.0
42,0.3,0.04,1,finance,0.981
42,0.3,0.04,1,CSC,1.0
42,0.3,0.04,1,DERMA,1.0
42,0.3,0.04,1,ENDO,1.0
42,0.3,0.04,1,GASTRO,1.0
42,0.3,0.04,1,GYNECO,1.0
42,0.3,0.04,1,OPH,1.0
42,0.3,0.04,1,ORL,1.0
42,0.3,0.04,1,RHUMA,1.0
42,0.3,0.04,1,URO,1.0
42,0.4,0.04,1,CHIR/ORTHO,0.985
42,0.4,0.04,1,ANES,0.985
42,0.4,0.04,1,KINE_MCO,1.0
42,0.4,0.04,1,DAY_HC,1.0
42,0.4,0.04,1,KINE_DOM,1.0
42,0.4,0.04,1,KINE_SSR,1.0
42,0.4,0.04,1,finance,0.981
42,0.4,0.04,1,CSC,1.0
42,0.4,0.04,1,DERMA,1.0
42,0.4,0.04,1,ENDO,1.0
42,0.4,0.04,1,GASTRO,1.0
42,0.4,0.04,1,GYNECO,1.0
42,0.4,0.04,1,OPH,1.0
42,0.4,0.04,1,ORL,1.0
42,0.4,0.04,1,RHUMA,1.0
42,0.4,0.04,1,URO,1.0
42,0.5,0.04,1,CHIR/ORTHO,0.985
42,0.5,0.04,1,ANES,0.985
42,0.5,0.04,1,KINE_MCO,1.0
42,0.5,0.04,1,DAY_HC,1.0
42,0.5,0.04,1,KINE_DOM,1.0
42,0.5,0.04,1,KINE_SSR,1.0
42,0.5,0.04,1,finance,0.981
42,0.5,0.04,1,CSC,1.0
42,0.5,0.04,1,DERMA,1.0
42,0.5,0.04,1,ENDO,1.0
42,0.5,0.04,1,GASTRO,1.0
42,0.5,0.04,1,GYNECO,1.0
42,0.5,0.04,1,OPH,1.0
42,0.5,0.04,1,ORL,1.0
42,0.5,0.04,1,RHUMA,1.0
42,0.5,0.04,1,URO,1.0
42,0.6,0.04,1,CHIR/ORTHO,0.985
42,0.6,0.04,1,ANES,0.985
42,0.6,0.04,1,KINE_MCO,1.0
42,0.6,0.04,1,DAY_HC,1.0
42,0.6,0.04,1,KINE_DOM,1.0
42,0.6,0.04,1,KINE_SSR,1.0
42,0.6,0.04,1,finance,0.981
42,0.6,0.04,1,CSC,1.0
42,0.6,0.04,1,DERMA,1.0
42,0.6,0.04,1,ENDO,1.0
42,0.6,0.04,1,GASTRO,1.0
42,0.6,0.04,1,GYNECO,1.0
42,0.6,0.04,1,OPH,1.0
42,0.6,0.04,1,ORL,1.0
42,0.6,0.04,1,RHUMA,1.0
42,0.6,0.04,1,URO,1.0
42,0.7,0.04,1,CHIR/ORTHO,0.985
42,0.7,0.04,1,ANES,0.985
42,0.7,0.04,1,KINE_MCO,1.0
42,0.7,0.04,1,DAY_HC,1.0
42,0.7,0.04,1,KINE_DOM,1.0
42,0.7,0.04,1,KINE_SSR,1.0
42,0.7,0.04,1,finance,0.981
42,0.7,0.04,1,CSC,1.0
42,0.7,0.04,1,DERMA,1.0
42,0.7,0.04,1,ENDO,1.0
42,0.7,0.04,1,GASTRO,1.0
42,0.7,0.04,1,GYNECO,1.0
42,0.7,0.04,1,OPH,1.0
42,0.7,0.04,1,ORL,1.0
42,0.7,0.04,1,RHUMA,1.0
42,0.7,0.04,1,URO,1.0
42,0.8,0.04,1,CHIR/ORTHO,0.985
42,0.8,0.04,1,ANES,0.985
42,0.8,0.04,1,KINE_MCO,1.0
42,0.8,0.04,1,DAY_HC,1.0
42,0.8,0.04,1,KINE_DOM,1.0
42,0.8,0.04,1,KINE_SSR,1.0
42,0.8,0.04,1,finance,0.981
42,0.8,0.04,1,CSC,1.0
42,0.8,0.04,1,DERMA,1.0
42,0.8,0.04,1,ENDO,1.0
42,0.8,0.04,1,GASTRO,1.0
42,0.8,0.04,1,GYNECO,1.0
42,0.8,0.04,1,OPH,1.0
42,0.8,0.04,1,ORL,1.0
42,0.8,0.04,1,RHUMA,1.0
42,0.8,0.04,1,URO,1.0
42,0.9,0.04,1,CHIR/ORTHO,0.985
42,0.9,0.04,1,ANES,0.985
42,0.9,0.04,1,KINE_MCO,1.0
42,0.9,0.04,1,DAY_HC,1.0
42,0.9,0.04,1,KINE_DOM,1.0
42,0.9,0.04,1,KINE_SSR,1.0
42,0.9,0.04,1,finance,0.981
42,0.9,0.04,1,CSC,1.0
42,0.9,0.04,1,DERMA,1.0
42,0.9,0.04,1,ENDO,1.0
42,0.9,0.04,1,GASTRO,1.0
42,0.9,0.04,1,GYNECO,1.0
42,0.9,0.04,1,OPH,1.0
42,0.9,0.04,1,ORL,1.0
42,0.9,0.04,1,RHUMA,1.0
42,0.9,0.04,1,URO,1.0
42,1.0,0.04,1,CHIR/ORTHO,0.985
42,1.0,0.04,1,ANES,0.985
42,1.0,0.04,1,KINE_MCO,1.0
42,1.0,0.04,1,DAY_HC,1.0
42,1.0,0.04,1,KINE_DOM,1.0
42,1.0,0.04,1,KINE_SSR,1.0
42,1.0,0.04,1,finance,0.981
42,1.0,0.04,1,CSC,1.0
42,1.0,0.04,1,DERMA,1.0
42,1.0,0.04,1,ENDO,1.0
42,1.0,0.04,1,GASTRO,1.0
42,1.0,0.04,1,GYNECO,1.0
42,1.0,0.04,1,OPH,1.0
42,1.0,0.04,1,ORL,1.0
42,1.0,0.04,1,RHUMA,1.0
42,1.0,0.04,1,URO,1.0
42,0.0,0.08,1,CHIR/ORTHO,0.514
42,0.0,0.08,1,ANES,0.514
42,0.0,0.08,1,KINE_MCO,0.524
42,0.0,0.08,1,DAY_HC,0.159
42,0.0,0.08,1,KINE_DOM,1.0
42,0.0,0.08,1,KINE_SSR,0.104
42,0.0,0.08,1,finance,0.404
42,0.0,0.08,1,CSC,0.576
42,0.0,0.08,1,DERMA,0.691
42,0.0,0.08,1,ENDO,0.588
42,0.0,0.08,1,GASTRO,0.638
42,0.0,0.08,1,GYNECO,0.482
42,0.0,0.08,1,OPH,0.636
42,0.0,0.08,1,ORL,0.351
42,0.0,0.08,1,RHUMA,0.645
42,0.0,0.08,1,URO,0.397
42,0.1,0.08,1,CHIR/ORTHO,0.718
42,0.1,0.08,1,ANES,0.717
42,0.1,0.08,1,KINE_MCO,0.767
42,0.1,0.08,1,DAY_HC,0.464
42,0.1,0.08,1,KINE_DOM,1.0
42,0.1,0.08,1,KINE_SSR,1.0
42,0.1,0.08,1,finance,0.62
42,0.1,0.08,1,CSC,1.0
42,0.1,0.08,1,DERMA,1.0
42,0.1,0.08,1,ENDO,1.0
42,0.1,0.08,1,GASTRO,1.0
42,0.1,0.08,1,GYNECO,0.922
42,0.1,0.08,1,OPH,1.0
42,0.1,0.08,1,ORL,0.84
42,0.1,0.08,1,RHUMA,1.0
42,0.1,0.08,1,URO,0.889
42,0.2,0.08,1,CHIR/ORTHO,0.901
42,0.2,0.08,1,ANES,0.9
42,0.2,0.08,1,KINE_MCO,0.973
42,0.2,0.08,1,DAY_HC,0.79
42,0.2,0.08,1,KINE_DOM,1.0
42,0.2,0.08,1,KINE_SSR,1.0
42,0.2,0.08,1,finance,0.842
42,0.2,0.08,1,CSC,1.0
42,0.2,0.08,1,DERMA,1.0
42,0.2,0.08,1,ENDO,1.0
42,0.2,0.08,1,GASTRO,1.0
42,0.2,0.08,1,GYNECO,0.923
42,0.2,0.08,1,OPH,1.0
42,0.2,0.08,1,ORL,0.84
42,0.2,0.08,1,RHUMA,1.0
42,0.2,0.08,1,URO,0.889
42,0.3,0.08,1,CHIR/ORTHO,0.976
42,0.3,0.08,1,ANES,0.975
42,0.3,0.08,1,KINE_MCO,1.0
42,0.3,0.08,1,DAY_HC,1.0
42,0.3,0.08,1,KINE_DOM,1.0
42,0.3,0.08,1,KINE_SSR,1.0
42,0.3,0.08,1,finance,0.972
42,0.3,0.08,1,CSC,1.0
42,0.3,0.08,1,DERMA,1.0
42,0.3,0.08,1,ENDO,1.0
42,0.3,0.08,1,GASTRO,1.0
42,0.3,0.08,1,GYNECO,1.0
42,0.3,0.08,1,OPH,1.0
42,0.3,0.08,1,ORL,1.0
42,0.3,0.08,1,RHUMA,1.0
42,0.3,0.08,1,URO,1.0
42,0.4,0.08,1,CHIR/ORTHO,0.976
42,0.4,0.08,1,ANES,0.975
42,0.4,0.08,1,KINE_MCO,1.0
42,0.4,0.08,1,DAY_HC,1.0
42,0.4,0.08,1,KINE_DOM,1.0
42,0.4,0.08,1,KINE_SSR,1.0
42,0.4,0.08,1,finance,0.972
42,0.4,0.08,1,CSC,1.0
42,0.4,0.08,1,DERMA,1.0
42,0.4,0.08,1,ENDO,1.0
42,0.4,0.08,1,GASTRO,1.0
42,0.4,0.08,1,GYNECO,1.0
42,0.4,0.08,1,OPH,1.0
42,0.4,0.08,1,ORL,1.0
42,0.4,0.08,1,RHUMA,1.0
42,0.4,0.08,1,URO,1.0
42,0.5,0.08,1,CHIR/ORTHO,0.976
42,0.5,0.08,1,ANES,0.975
42,0.5,0.08,1,KINE_MCO,1.0
42,0.5,0.08,1,DAY_HC,1.0
42,0.5,0.08,1,KINE_DOM,1.0
42,0.5,0.08,1,KINE_SSR,1.0
42,0.5,0.08,1,finance,0.972
42,0.5,0.08,1,CSC,1.0
42,0.5,0.08,1,DERMA,1.0
42,0.5,0.08,1,ENDO,1.0
42,0.5,0.08,1,GASTRO,1.0
42,0.5,0.08,1,GYNECO,1.0
42,0.5,0.08,1,OPH,1.0
42,0.5,0.08,1,ORL,1.0
42,0.5,0.08,1,RHUMA,1.0
42,0.5,0.08,1,URO,1.0
42,0.6,0.08,1,CHIR/ORTHO,0.976
42,0.6,0.08,1,ANES,0.975
42,0.6,0.08,1,KINE_MCO,1.0
42,0.6,0.08,1,DAY_HC,1.0
42,0.6,0.08,1,KINE_DOM,1.0
42,0.6,0.08,1,KINE_SSR,1.0
42,0.6,0.08,1,finance,0.972
42,0.6,0.08,1,CSC,1.0
42,0.6,0.08,1,DERMA,1.0
42,0.6,0.08,1,ENDO,1.0
42,0.6,0.08,1,GASTRO,1.0
42,0.6,0.08,1,GYNECO,1.0
42,0.6,0.08,1,OPH,1.0
42,0.6,0.08,1,ORL,1.0
42,0.6,0.08,1,RHUMA,1.0
42,0.6,0.08,1,URO,1.0
42,0.7,0.08,1,CHIR/ORTHO,0.976
42,0.7,0.08,1,ANES,0.975
42,0.7,0.08,1,KINE_MCO,1.0
42,0.7,0.08,1,DAY_HC,1.0
42,0.7,0.08,1,KINE_DOM,1.0
42,0.7,0.08,1,KINE_SSR,1.0
42,0.7,0.08,1,finance,0.972
42,0.7,0.08,1,CSC,1.0
42,0.7,0.08,1,DERMA,1.0
42,0.7,0.08,1,ENDO,1.0
42,0.7,0.08,1,GASTRO,1.0
42,0.7,0.08,1,GYNECO,1.0
42,0.7,0.08,1,OPH,1.0
42,0.7,0.08,1,ORL,1.0
42,0.7,0.08,1,RHUMA,1.0
42,0.7,0.08,1,URO,1.0
42,0.8,0.08,1,CHIR/ORTHO,0.976
42,0.8,0.08,1,ANES,0.975
42,0.8,0.08,1,KINE_MCO,1.0
42,0.8,0.08,1,DAY_HC,1.0
42,0.8,0.08,1,KINE_DOM,1.0
42,0.8,0.08,1,KINE_SSR,1.0
42,0.8,0.08,1,finance,0.972
42,0.8,0.08,1,CSC,1.0
42,0.8,0.08,1,DERMA,1.0
42,0.8,0.08,1,ENDO,1.0
42,0.8,0.08,1,GASTRO,1.0
42,0.8,0.08,1,GYNECO,1.0
42,0.8,0.08,1,OPH,1.0
42,0.8,0.08,1,ORL,1.0
42,0.8,0.08,1,RHUMA,1.0
42,0.8,0.08,1,URO,1.0
42,0.9,0.08,1,CHIR/ORTHO,0.976
42,0.9,0.08,1,ANES,0.975
42,0.9,0.08,1,KINE_MCO,1.0
42,0.9,0.08,1,DAY_HC,1.0
42,0.9,0.08,1,KINE_DOM,1.0
42,0.9,0.08,1,KINE_SSR,1.0
42,0.9,0.08,1,finance,0.972
42,0.9,0.08,1,CSC,1.0
42,0.9,0.08,1,DERMA,1.0
42,0.9,0.08,1,ENDO,1.0
42,0.9,0.08,1,GASTRO,1.0
42,0.9,0.08,1,GYNECO,1.0
42,0.9,0.08,1,OPH,1.0
42,0.9,0.08,1,ORL,1.0
42,0.9,0.08,1,RHUMA,1.0
42,0.9,0.08,1,URO,1.0
42,1.0,0.08,1,CHIR/ORTHO,0.976
42,1.0,0.08,1,ANES,0.975
42,1.0,0.08,1,KINE_MCO,1.0
42,1.0,0.08,1,DAY_HC,1.0
42,1.0,0.08,1,KINE_DOM,1.0
42,1.0,0.08,1,KINE_SSR,1.0
42,1.0,0.08,1,finance,0.972
42,1.0,0.08,1,CSC,1.0
42,1.0,0.08,1,DERMA,1.0
42,1.0,0.08,1,ENDO,1.0
42,1.0,0.08,1,GASTRO,1.0
42,1.0,0.08,1,GYNECO,1.0
42,1.0,0.08,1,OPH,1.0
42,1.0,0.08,1,ORL,1.0
42,1.0,0.08,1,RHUMA,1.0
42,1.0,0.08,1,URO,1.0
42,0.0,0.12,1,CHIR/ORTHO,0.517
42,0.0,0.12,1,ANES,0.517
42,0.0,0.12,1,KINE_MCO,0.531
42,0.0,0.12,1,DAY_HC,0.189
42,0.0,0.12,1,KINE_DOM,1.0
42,0.0,0.12,1,KINE_SSR,0.136
42,0.0,0.12,1,finance,0.414
42,0.0,0.12,1,CSC,0.662
42,0.0,0.12,1,DERMA,0.706
42,0.0,0.12,1,ENDO,0.685
42,0.0,0.12,1,GASTRO,0.683
42,0.0,0.12,1,GYNECO,0.553
42,0.0,0.12,1,OPH,0.66
42,0.0,0.12,1,ORL,0.376
42,0.0,0.12,1,RHUMA,0.691
42,0.0,0.12,1,URO,0.429
42,0.1,0.12,1,CHIR/ORTHO,0.729
42,0.1,0.12,1,ANES,0.729
42,0.1,0.12,1,KINE_MCO,0.784
42,0.1,0.12,1,DAY_HC,0.507
42,0.1,0.12,1,KINE_DOM,1.0
42,0.1,0.12,1,KINE_SSR,1.0
42,0.1,0.12,1,finance,0.64
42,0.1,0.12,1,CSC,1.0
42,0.1,0.12,1,DERMA,1.0
42,0.1,0.12,1,ENDO,1.0
42,0.1,0.12,1,GASTRO,1.0
42,0.1,0.12,1,GYNECO,0.926
42,0.1,0.12,1,OPH,1.0
42,0.1,0.12,1,ORL,0.844
42,0.1,0.12,1,RHUMA,1.0
42,0.1,0.12,1,URO,0.895
42,0.2,0.12,1,CHIR/ORTHO,0.911
42,0.2,0.12,1,ANES,0.911
42,0.2,0.12,1,KINE_MCO,0.974
42,0.2,0.12,1,DAY_HC,0.849
42,0.2,0.12,1,KINE_DOM,1.0
42,0.2,0.12,1,KINE_SSR,1.0
42,0.2,0.12,1,finance,0.87
42,0.2,0.12,1,CSC,1.0
42,0.2,0.12,1,DERMA,1.0
42,0.2,0.12,1,ENDO,1.0
42,0.2,0.12,1,GASTRO,1.0
42,0.2,0.12,1,GYNECO,0.926
42,0.2,0.12,1,OPH,1.0
42,0.2,0.12,1,ORL,0.846
42,0.2,0.12,1,RHUMA,1.0
42,0.2,0.12,1,URO,0.895
42,0.3,0.12,1,CHIR/ORTHO,0.968
42,0.3,0.12,1,ANES,0.967
42,0.3,0.12,1,KINE_MCO,1.0
42,0.3,0.12,1,DAY_HC,1.0
42,0.3,0.12,1,KINE_DOM,1.0
42,0.3,0.12,1,KINE_SSR,1.0
42,0.3,0.12,1,finance,0.964
42,0.3,0.12,1,CSC,1.0
42,0.3,0.12,1,DERMA,1.0
42,0.3,0.12,1,ENDO,1.0
42,0.3,0.12,1,GASTRO,1.0
42,0.3,0.12,1,GYNECO,1.0
42,0.3,0.12,1,OPH,1.0
42,0.3,0.12,1,ORL,1.0
42,0.3,0.12,1,RHUMA,1.0
42,0.3,0.12,1,URO,1.0
42,0.4,0.12,1,CHIR/ORTHO,0.968
42,0.4,0.12,1,ANES,0.967
42,0.4,0.12,1,KINE_MCO,1.0
42,0.4,0.12,1,DAY_HC,1.0
42,0.4,0.12,1,KINE_DOM,1.0
42,0.4,0.12,1,KINE_SSR,1.0
42,0.4,0.12,1,finance,0.964
42,0.4,0.12,1,CSC,1.0
42,0.4,0.12,1,DERMA,1.0
42,0.4,0.12,1,ENDO,1.0
42,0.4,0.12,1,GASTRO,1.0
42,0.4,0.12,1,GYNECO,1.0
42,0.4,0.12,1,OPH,1.0
42,0.4,0.12,1,ORL,1.0
42,0.4,0.12,1,RHUMA,1.0
42,0.4,0.12,1,URO,1.0
42,0.5,0.12,1,CHIR/ORTHO,0.968
42,0.5,0.12,1,ANES,0.967
42,0.5,0.12,1,KINE_MCO,1.0
42,0.5,0.12,1,DAY_HC,1.0
42,0.5,0.12,1,KINE_DOM,1.0
42,0.5,0.12,1,KINE_SSR,1.0
42,0.5,0.12,1,finance,0.964
42,0.5,0.12,1,CSC,1.0
42,0.5,0.12,1,DERMA,1.0
42,0.5,0.12,1,ENDO,1.0
42,0.5,0.12,1,GASTRO,1.0
42,0.5,0.12,1,GYNECO,1.0
42,0.5,0.12,1,OPH,1.0
42,0.5,0.12,1,ORL,1.0
42,0.5,0.12,1,RHUMA,1.0
42,0.5,0.12,1,URO,1.0
42,0.6,0.12,1,CHIR/ORTHO,0.968
42,0.6,0.12,1,ANES,0.967
42,0.6,0.12,1,KINE_MCO,1.0
42,0.6,0.12,1,DAY_HC,1.0
42,0.6,0.12,1,KINE_DOM,1.0
42,0.6,0.12,1,KINE_SSR,1.0
42,0.6,0.12,1,finance,0.964
42,0.6,0.12,1,CSC,1.0
42,0.6,0.12,1,DERMA,1.0
42,0.6,0.12,1,ENDO,1.0
42,0.6,0.12,1,GASTRO,1.0
42,0.6,0.12,1,GYNECO,1.0
42,0.6,0.12,1,OPH,1.0
42,0.6,0.12,1,ORL,1.0
42,0.6,0.12,1,RHUMA,1.0
42,0.6,0.12,1,URO,1.0
42,0.7,0.12,1,CHIR/ORTHO,0.968
42,0.7,0.12,1,ANES,0.967
42,0.7,0.12,1,KINE_MCO,1.0
42,0.7,0.12,1,DAY_HC,1.0
42,0.7,0.12,1,KINE_DOM,1.0
42,0.7,0.12,1,KINE_SSR,1.0
42,0.7,0.12,1,finance,0.964
42,0.7,0.12,1,CSC,1.0
42,0.7,0.12,1,DERMA,1.0
42,0.7,0.12,1,ENDO,1.0
42,0.7,0.12,1,GASTRO,1.0
42,0.7,0.12,1,GYNECO,1.0
42,0.7,0.12,1,OPH,1.0
42,0.7,0.12,1,ORL,1.0
42,0.7,0.12,1,RHUMA,1.0
42,0.7,0.12,1,URO,1.0
42,0.8,0.12,1,CHIR/ORTHO,0.968
42,0.8,0.12,1,ANES,0.967
42,0.8,0.12,1,KINE_MCO,1.0
42,0.8,0.12,1,DAY_HC,1.0
42,0.8,0.12,1,KINE_DOM,1.0
42,0.8,0.12,1,KINE_SSR,1.0
42,0.8,0.12,1,finance,0.964
42,0.8,0.12,1,CSC,1.0
42,0.8,0.12,1,DERMA,1.0
42,0.8,0.12,1,ENDO,1.0
42,0.8,0.12,1,GASTRO,1.0
42,0.8,0.12,1,GYNECO,1.0
42,0.8,0.12,1,OPH,1.0
42,0.8,0.12,1,ORL,1.0
42,0.8,0.12,1,RHUMA,1.0
42,0.8,0.12,1,URO,1.0
42,0.9,0.12,1,CHIR/ORTHO,0.968
42,0.9,0.12,1,ANES,0.967
42,0.9,0.12,1,KINE_MCO,1.0
42,0.9,0.12,1,DAY_HC,1.0
42,0.9,0.12,1,KINE_DOM,1.0
42,0.9,0.12,1,KINE_SSR,1.0
42,0.9,0.12,1,finance,0.964
42,0.9,0.12,1,CSC,1.0
42,0.9,0.12,1,DERMA,1.0
42,0.9,0.12,1,ENDO,1.0
42,0.9,0.12,1,GASTRO,1.0
42,0.9,0.12,1,GYNECO,1.0
42,0.9,0.12,1,OPH,1.0
42,0.9,0.12,1,ORL,1.0
42,0.9,0.12,1,RHUMA,1.0
42,0.9,0.12,1,URO,1.0
42,1.0,0.12,1,CHIR/ORTHO,0.968
42,1.0,0.12,1,ANES,0.967
42,1.0,0.12,1,KINE_MCO,1.0
42,1.0,0.12,1,DAY_HC,1.0
42,1.0,0.12,1,KINE_DOM,1.0
42,1.0,0.12,1,KINE_SSR,1.0
42,1.0,0.12,1,finance,0.964
42,1.0,0.12,1,CSC,1.0
42,1.0,0.12,1,DERMA,1.0
42,1.0,0.12,1,ENDO,1.0
42,1.0,0.12,1,GASTRO,1.0
42,1.0,0.12,1,GYNECO,1.0
42,1.0,0.12,1,OPH,1.0
42,1.0,0.12,1,ORL,1.0
42,1.0,0.12,1,RHUMA,1.0
42,1.0,0.12,1,URO,1.0
42,1,0,1.05,CHIR/ORTHO,0.996
42,1,0,1.05,ANES,0.997
42,1,0,1.05,KINE_MCO,1.0
42,1,0,1.05,DAY_HC,1.0
42,1,0,1.05,KINE_DOM,1.0
42,1,0,1.05,KINE_SSR,1.0
42,1,0,1.05,finance,0.991
42,1,0,1.05,CSC,1.0
42,1,0,1.05,DERMA,1.0
42,1,0,1.05,ENDO,1.0
42,1,0,1.05,GASTRO,1.0
42,1,0,1.05,GYNECO,1.0
42,1,0,1.05,OPH,1.0
42,1,0,1.05,ORL,1.0
42,1,0,1.05,RHUMA,1.0
42,1,0,1.05,URO,1.0
42,1,0,1.1,CHIR/ORTHO,0.996
42,1,0,1.1,ANES,0.996
42,1,0,1.1,KINE_MCO,1.0
42,1,0,1.1,DAY_HC,1.0
42,1,0,1.1,KINE_DOM,1.0
42,1,0,1.1,KINE_SSR,1.0
42,1,0,1.1,finance,0.991
42,1,0,1.1,CSC,1.0
42,1,0,1.1,DERMA,1.0
42,1,0,1.1,ENDO,1.0
42,1,0,1.1,GASTRO,1.0
42,1,0,1.1,GYNECO,1.0
42,1,0,1.1,OPH,1.0
42,1,0,1.1,ORL,1.0
42,1,0,1.1,RHUMA,1.0
42,1,0,1.1,URO,1.0
42,1,0,1.15,CHIR/ORTHO,0.997
42,1,0,1.15,ANES,0.996
42,1,0,1.15,KINE_MCO,1.0
42,1,0,1.15,DAY_HC,1.0
42,1,0,1.15,KINE_DOM,1.0
42,1,0,1.15,KINE_SSR,1.0
42,1,0,1.15,finance,0.991
42,1,0,1.15,CSC,1.0
42,1,0,1.15,DERMA,1.0
42,1,0,1.15,ENDO,1.0
42,1,0,1.15,GASTRO,1.0
42,1,0,1.15,GYNECO,1.0
42,1,0,1.15,OPH,1.0
42,1,0,1.15,ORL,1.0
42,1,0,1.15,RHUMA,1.0
42,1,0,1.15,URO,1.0
42,1,0,1.2,CHIR/ORTHO,0.997
42,1,0,1.2,ANES,0.995
42,1,0,1.2,KINE_MCO,1.0
42,1,0,1.2,DAY_HC,1.0
42,1,0,1.2,KINE_DOM,1.0
42,1,0,1.2,KINE_SSR,1.0
42,1,0,1.2,finance,0.991
42,1,0,1.2,CSC,1.0
42,1,0,1.2,DERMA,1.0
42,1,0,1.2,ENDO,1.0
42,1,0,1.2,GASTRO,1.0
42,1,0,1.2,GYNECO,1.0
42,1,0,1.2,OPH,1.0
42,1,0,1.2,ORL,1.0
42,1,0,1.2,RHUMA,1.0
42,1,0,1.2,URO,1.0
42,1,0,1.25,CHIR/ORTHO,0.996
42,1,0,1.25,ANES,0.995
42,1,0,1.25,KINE_MCO,1.0
42,1,0,1.25,DAY_HC,1.0
42,1,0,1.25,KINE_DOM,1.0
42,1,0,1.25,KINE_SSR,1.0
42,1,0,1.25,finance,0.991
42,1,0,1.25,CSC,1.0
42,1,0,1.25,DERMA,1.0
42,1,0,1.25,ENDO,1.0
42,1,0,1.25,GASTRO,1.0
42,1,0,1.25,GYNECO,1.0
42,1,0,1.25,OPH,1.0
42,1,0,1.25,ORL,1.0
42,1,0,1.25,RHUMA,1.0
42,1,0,1.25,URO,1.0
